LevelingScore,Person,DateCollected,ImageType,GSCamera,PanelID,State,FilePath
1.3,,,DD,,25-130,raw,data\raw\1\Leveling-1_GS-25-130_0degrees (1).png
1.3,,,DD,,25-130,raw,data\raw\1\Leveling-1_GS-25-130_0degrees (2).png
1.3,,,DD,,25-130,raw,data\raw\1\Leveling-1_GS-25-130_0degrees (3).png
1.3,,,DD,,25-130,raw,data\raw\1\Leveling-1_GS-25-130_0degrees (4).png
1.3,,,DD,,25-130,raw,data\raw\1\Leveling-1_GS-25-130_0degrees (5).png
1.3,,,DD,,25-130,raw,data\raw\1\Leveling-1_GS-25-130_0degrees.png
2.2,,,DD,,25-101,raw,data\raw\2\Leveling-2_GS-25-101 (1).png
2.2,,,DD,,25-101,raw,data\raw\2\Leveling-2_GS-25-101 (2).png
2.2,,,DD,,25-101,raw,data\raw\2\Leveling-2_GS-25-101 (3).png
2.2,,,DD,,25-101,raw,data\raw\2\Leveling-2_GS-25-101 (4).png
2.2,,,DD,,25-101,raw,data\raw\2\Leveling-2_GS-25-101 (5).png
2.2,,,DD,,25-101,raw,data\raw\2\Leveling-2_GS-25-101.png
1.2,,,DD,,25-108,raw,data\raw\2\Leveling-2_GS-25-108 (1).png
1.2,,,DD,,25-108,raw,data\raw\2\Leveling-2_GS-25-108 (2).png
1.2,,,DD,,25-108,raw,data\raw\2\Leveling-2_GS-25-108 (3).png
1.2,,,DD,,25-108,raw,data\raw\2\Leveling-2_GS-25-108 (4).png
1.2,,,DD,,25-108,raw,data\raw\2\Leveling-2_GS-25-108 (5).png
1.2,,,DD,,25-108,raw,data\raw\2\Leveling-2_GS-25-108.png
1.3,,,DD,,25-111,raw,data\raw\2\Leveling-2_GS-25-111 (1).png
1.3,,,DD,,25-111,raw,data\raw\2\Leveling-2_GS-25-111 (2).png
1.3,,,DD,,25-111,raw,data\raw\2\Leveling-2_GS-25-111 (3).png
1.3,,,DD,,25-111,raw,data\raw\2\Leveling-2_GS-25-111 (4).png
1.3,,,DD,,25-111,raw,data\raw\2\Leveling-2_GS-25-111 (5).png
1.3,,,DD,,25-111,raw,data\raw\2\Leveling-2_GS-25-111.png
1.8,,,DD,,25-112,raw,data\raw\2\Leveling-2_GS-25-112 (1).png
1.8,,,DD,,25-112,raw,data\raw\2\Leveling-2_GS-25-112 (2).png
1.8,,,DD,,25-112,raw,data\raw\2\Leveling-2_GS-25-112 (3).png
1.8,,,DD,,25-112,raw,data\raw\2\Leveling-2_GS-25-112 (4).png
1.8,,,DD,,25-112,raw,data\raw\2\Leveling-2_GS-25-112 (5).png
1.8,,,DD,,25-112,raw,data\raw\2\Leveling-2_GS-25-112.png
1.5,,,DD,,25-114,raw,data\raw\2\Leveling-2_GS-25-114 (1).png
1.5,,,DD,,25-114,raw,data\raw\2\Leveling-2_GS-25-114 (2).png
1.5,,,DD,,25-114,raw,data\raw\2\Leveling-2_GS-25-114 (3).png
1.5,,,DD,,25-114,raw,data\raw\2\Leveling-2_GS-25-114 (4).png
1.5,,,DD,,25-114,raw,data\raw\2\Leveling-2_GS-25-114 (5).png
1.5,,,DD,,25-114,raw,data\raw\2\Leveling-2_GS-25-114.png
2.0,,,DD,,25-121,raw,data\raw\2\Leveling-2_GS-25-121 (1).png
2.0,,,DD,,25-121,raw,data\raw\2\Leveling-2_GS-25-121 (2).png
2.0,,,DD,,25-121,raw,data\raw\2\Leveling-2_GS-25-121 (3).png
2.0,,,DD,,25-121,raw,data\raw\2\Leveling-2_GS-25-121 (4).png
2.0,,,DD,,25-121,raw,data\raw\2\Leveling-2_GS-25-121 (5).png
2.0,,,DD,,25-121,raw,data\raw\2\Leveling-2_GS-25-121.png
2.3,,,DD,,25-122,raw,data\raw\2\Leveling-2_GS-25-122 (1).png
2.3,,,DD,,25-122,raw,data\raw\2\Leveling-2_GS-25-122 (2).png
2.3,,,DD,,25-122,raw,data\raw\2\Leveling-2_GS-25-122 (3).png
2.3,,,DD,,25-122,raw,data\raw\2\Leveling-2_GS-25-122 (4).png
2.3,,,DD,,25-122,raw,data\raw\2\Leveling-2_GS-25-122 (5).png
2.3,,,DD,,25-122,raw,data\raw\2\Leveling-2_GS-25-122.png
2.2,,,DD,,25-123,raw,data\raw\2\Leveling-2_GS-25-123 (1).png
2.2,,,DD,,25-123,raw,data\raw\2\Leveling-2_GS-25-123 (2).png
2.2,,,DD,,25-123,raw,data\raw\2\Leveling-2_GS-25-123 (3).png
2.2,,,DD,,25-123,raw,data\raw\2\Leveling-2_GS-25-123 (4).png
2.2,,,DD,,25-123,raw,data\raw\2\Leveling-2_GS-25-123 (5).png
2.2,,,DD,,25-123,raw,data\raw\2\Leveling-2_GS-25-123.png
2.2,,,DD,,25-129,raw,data\raw\2\Leveling-2_GS-25-129_0degrees (1).png
2.2,,,DD,,25-129,raw,data\raw\2\Leveling-2_GS-25-129_0degrees (2).png
2.2,,,DD,,25-129,raw,data\raw\2\Leveling-2_GS-25-129_0degrees (3).png
2.2,,,DD,,25-129,raw,data\raw\2\Leveling-2_GS-25-129_0degrees (4).png
2.2,,,DD,,25-129,raw,data\raw\2\Leveling-2_GS-25-129_0degrees (5).png
2.2,,,DD,,25-129,raw,data\raw\2\Leveling-2_GS-25-129_0degrees.png
2.7,,,DD,,25-138,raw,data\raw\2\Leveling-2_GS-25-138_0degrees (1).png
2.7,,,DD,,25-138,raw,data\raw\2\Leveling-2_GS-25-138_0degrees (2).png
2.7,,,DD,,25-138,raw,data\raw\2\Leveling-2_GS-25-138_0degrees (3).png
2.7,,,DD,,25-138,raw,data\raw\2\Leveling-2_GS-25-138_0degrees (4).png
2.7,,,DD,,25-138,raw,data\raw\2\Leveling-2_GS-25-138_0degrees (5).png
2.7,,,DD,,25-138,raw,data\raw\2\Leveling-2_GS-25-138_0degrees.png
2.0,,,DD,,25-139,raw,data\raw\2\Leveling-2_GS-25-139_0degrees (1).png
2.0,,,DD,,25-139,raw,data\raw\2\Leveling-2_GS-25-139_0degrees (2).png
2.0,,,DD,,25-139,raw,data\raw\2\Leveling-2_GS-25-139_0degrees (3).png
2.0,,,DD,,25-139,raw,data\raw\2\Leveling-2_GS-25-139_0degrees (4).png
2.0,,,DD,,25-139,raw,data\raw\2\Leveling-2_GS-25-139_0degrees (5).png
2.0,,,DD,,25-139,raw,data\raw\2\Leveling-2_GS-25-139_0degrees.png
2.2,,,DD,,25-100,raw,data\raw\3\Leveling-3_GS-25-100 (1).png
2.2,,,DD,,25-100,raw,data\raw\3\Leveling-3_GS-25-100 (10).png
2.2,,,DD,,25-100,raw,data\raw\3\Leveling-3_GS-25-100 (11).png
2.2,,,DD,,25-100,raw,data\raw\3\Leveling-3_GS-25-100 (12).png
2.2,,,DD,,25-100,raw,data\raw\3\Leveling-3_GS-25-100 (2).png
2.2,,,DD,,25-100,raw,data\raw\3\Leveling-3_GS-25-100 (3).png
2.2,,,DD,,25-100,raw,data\raw\3\Leveling-3_GS-25-100 (4).png
2.2,,,DD,,25-100,raw,data\raw\3\Leveling-3_GS-25-100 (5).png
2.2,,,DD,,25-100,raw,data\raw\3\Leveling-3_GS-25-100 (6).png
2.2,,,DD,,25-100,raw,data\raw\3\Leveling-3_GS-25-100 (7).png
2.2,,,DD,,25-100,raw,data\raw\3\Leveling-3_GS-25-100 (8).png
2.2,,,DD,,25-100,raw,data\raw\3\Leveling-3_GS-25-100 (9).png
2.2,,,DD,,25-100,raw,data\raw\3\Leveling-3_GS-25-100.png
1.8,,,DD,,25-102,raw,data\raw\3\Leveling-3_GS-25-102 (1).png
1.8,,,DD,,25-102,raw,data\raw\3\Leveling-3_GS-25-102 (2).png
1.8,,,DD,,25-102,raw,data\raw\3\Leveling-3_GS-25-102 (3).png
1.8,,,DD,,25-102,raw,data\raw\3\Leveling-3_GS-25-102 (4).png
1.8,,,DD,,25-102,raw,data\raw\3\Leveling-3_GS-25-102 (5).png
1.8,,,DD,,25-102,raw,data\raw\3\Leveling-3_GS-25-102.png
2.5,,,DD,,25-103,raw,data\raw\3\Leveling-3_GS-25-103 (1).png
2.5,,,DD,,25-103,raw,data\raw\3\Leveling-3_GS-25-103 (2).png
2.5,,,DD,,25-103,raw,data\raw\3\Leveling-3_GS-25-103 (3).png
2.5,,,DD,,25-103,raw,data\raw\3\Leveling-3_GS-25-103 (4).png
2.5,,,DD,,25-103,raw,data\raw\3\Leveling-3_GS-25-103.png
2.3,,,DD,,25-109,raw,data\raw\3\Leveling-3_GS-25-109 (1).png
2.3,,,DD,,25-109,raw,data\raw\3\Leveling-3_GS-25-109 (2).png
2.3,,,DD,,25-109,raw,data\raw\3\Leveling-3_GS-25-109 (3).png
2.3,,,DD,,25-109,raw,data\raw\3\Leveling-3_GS-25-109 (4).png
2.3,,,DD,,25-109,raw,data\raw\3\Leveling-3_GS-25-109 (5).png
2.3,,,DD,,25-109,raw,data\raw\3\Leveling-3_GS-25-109.png
2.5,,,DD,,25-113,raw,data\raw\3\Leveling-3_GS-25-113 (1).png
2.5,,,DD,,25-113,raw,data\raw\3\Leveling-3_GS-25-113 (2).png
2.5,,,DD,,25-113,raw,data\raw\3\Leveling-3_GS-25-113 (3).png
2.5,,,DD,,25-113,raw,data\raw\3\Leveling-3_GS-25-113 (4).png
2.5,,,DD,,25-113,raw,data\raw\3\Leveling-3_GS-25-113 (5).png
2.5,,,DD,,25-113,raw,data\raw\3\Leveling-3_GS-25-113.png
3.7,,,DD,,25-116,raw,data\raw\3\Leveling-3_GS-25-116 (1).png
3.7,,,DD,,25-116,raw,data\raw\3\Leveling-3_GS-25-116 (2).png
3.7,,,DD,,25-116,raw,data\raw\3\Leveling-3_GS-25-116 (3).png
3.7,,,DD,,25-116,raw,data\raw\3\Leveling-3_GS-25-116 (4).png
3.7,,,DD,,25-116,raw,data\raw\3\Leveling-3_GS-25-116 (5).png
3.7,,,DD,,25-116,raw,data\raw\3\Leveling-3_GS-25-116.png
2.2,,,DD,,25-117,raw,data\raw\3\Leveling-3_GS-25-117 (1).png
2.2,,,DD,,25-117,raw,data\raw\3\Leveling-3_GS-25-117 (2).png
2.2,,,DD,,25-117,raw,data\raw\3\Leveling-3_GS-25-117 (3).png
2.2,,,DD,,25-117,raw,data\raw\3\Leveling-3_GS-25-117 (4).png
2.2,,,DD,,25-117,raw,data\raw\3\Leveling-3_GS-25-117 (5).png
2.2,,,DD,,25-117,raw,data\raw\3\Leveling-3_GS-25-117.png
3.2,,,DD,,25-120,raw,data\raw\3\Leveling-3_GS-25-120 (1).png
3.2,,,DD,,25-120,raw,data\raw\3\Leveling-3_GS-25-120 (2).png
3.2,,,DD,,25-120,raw,data\raw\3\Leveling-3_GS-25-120 (3).png
3.2,,,DD,,25-120,raw,data\raw\3\Leveling-3_GS-25-120 (4).png
3.2,,,DD,,25-120,raw,data\raw\3\Leveling-3_GS-25-120 (5).png
3.2,,,DD,,25-120,raw,data\raw\3\Leveling-3_GS-25-120.png
2.7,,,DD,,25-126,raw,data\raw\3\Leveling-3_GS-25-126_0degrees (1).png
2.7,,,DD,,25-126,raw,data\raw\3\Leveling-3_GS-25-126_0degrees (2).png
2.7,,,DD,,25-126,raw,data\raw\3\Leveling-3_GS-25-126_0degrees (3).png
2.7,,,DD,,25-126,raw,data\raw\3\Leveling-3_GS-25-126_0degrees (4).png
2.7,,,DD,,25-126,raw,data\raw\3\Leveling-3_GS-25-126_0degrees (5).png
2.7,,,DD,,25-126,raw,data\raw\3\Leveling-3_GS-25-126_0degrees.png
3.0,,,DD,,25-127,raw,data\raw\3\Leveling-3_GS-25-127_0degrees (1).png
3.0,,,DD,,25-127,raw,data\raw\3\Leveling-3_GS-25-127_0degrees (2).png
3.0,,,DD,,25-127,raw,data\raw\3\Leveling-3_GS-25-127_0degrees (3).png
3.0,,,DD,,25-127,raw,data\raw\3\Leveling-3_GS-25-127_0degrees (4).png
3.0,,,DD,,25-127,raw,data\raw\3\Leveling-3_GS-25-127_0degrees (5).png
3.0,,,DD,,25-127,raw,data\raw\3\Leveling-3_GS-25-127_0degrees.png
3.2,,,DD,,25-137,raw,data\raw\3\Leveling-3_GS-25-137_0degrees (1).png
3.2,,,DD,,25-137,raw,data\raw\3\Leveling-3_GS-25-137_0degrees (2).png
3.2,,,DD,,25-137,raw,data\raw\3\Leveling-3_GS-25-137_0degrees (3).png
3.2,,,DD,,25-137,raw,data\raw\3\Leveling-3_GS-25-137_0degrees (4).png
3.2,,,DD,,25-137,raw,data\raw\3\Leveling-3_GS-25-137_0degrees (5).png
3.2,,,DD,,25-137,raw,data\raw\3\Leveling-3_GS-25-137_0degrees.png
3.2,,,DD,,25-142,raw,data\raw\3\Leveling-3_GS-25-142_0degrees (1).png
3.2,,,DD,,25-142,raw,data\raw\3\Leveling-3_GS-25-142_0degrees (2).png
3.2,,,DD,,25-142,raw,data\raw\3\Leveling-3_GS-25-142_0degrees (3).png
3.2,,,DD,,25-142,raw,data\raw\3\Leveling-3_GS-25-142_0degrees (4).png
3.2,,,DD,,25-142,raw,data\raw\3\Leveling-3_GS-25-142_0degrees (5).png
3.2,,,DD,,25-142,raw,data\raw\3\Leveling-3_GS-25-142_0degrees.png
3.5,,,DD,,25-106,raw,data\raw\4\Leveling-4_GS-25-106 (1).png
3.5,,,DD,,25-106,raw,data\raw\4\Leveling-4_GS-25-106 (2).png
3.5,,,DD,,25-106,raw,data\raw\4\Leveling-4_GS-25-106 (3).png
3.5,,,DD,,25-106,raw,data\raw\4\Leveling-4_GS-25-106 (4).png
3.5,,,DD,,25-106,raw,data\raw\4\Leveling-4_GS-25-106 (5).png
3.5,,,DD,,25-106,raw,data\raw\4\Leveling-4_GS-25-106.png
5.2,,,DD,,25-115,raw,data\raw\4\Leveling-4_GS-25-115 (1).png
5.2,,,DD,,25-115,raw,data\raw\4\Leveling-4_GS-25-115 (2).png
5.2,,,DD,,25-115,raw,data\raw\4\Leveling-4_GS-25-115 (3).png
5.2,,,DD,,25-115,raw,data\raw\4\Leveling-4_GS-25-115 (4).png
5.2,,,DD,,25-115,raw,data\raw\4\Leveling-4_GS-25-115 (5).png
5.2,,,DD,,25-115,raw,data\raw\4\Leveling-4_GS-25-115.png
3.7,,,DD,,25-118,raw,data\raw\4\Leveling-4_GS-25-118 (2).png
3.7,,,DD,,25-118,raw,data\raw\4\Leveling-4_GS-25-118 (3).png
3.7,,,DD,,25-118,raw,data\raw\4\Leveling-4_GS-25-118 (4).png
3.7,,,DD,,25-118,raw,data\raw\4\Leveling-4_GS-25-118 (5).png
3.7,,,DD,,25-118,raw,data\raw\4\Leveling-4_GS-25-118 (6).png
3.7,,,DD,,25-118,raw,data\raw\4\Leveling-4_GS-25-118.png
4.0,,,DD,,25-119,raw,data\raw\4\Leveling-4_GS-25-119 (1).png
4.0,,,DD,,25-119,raw,data\raw\4\Leveling-4_GS-25-119 (2).png
4.0,,,DD,,25-119,raw,data\raw\4\Leveling-4_GS-25-119 (3).png
4.0,,,DD,,25-119,raw,data\raw\4\Leveling-4_GS-25-119 (4).png
4.0,,,DD,,25-119,raw,data\raw\4\Leveling-4_GS-25-119 (5).png
4.0,,,DD,,25-119,raw,data\raw\4\Leveling-4_GS-25-119.png
4.2,,,DD,,25-145,raw,data\raw\4\Leveling-4_GS-25-145_0degrees (1).png
4.2,,,DD,,25-145,raw,data\raw\4\Leveling-4_GS-25-145_0degrees (2).png
4.2,,,DD,,25-145,raw,data\raw\4\Leveling-4_GS-25-145_0degrees (3).png
4.2,,,DD,,25-145,raw,data\raw\4\Leveling-4_GS-25-145_0degrees (4).png
4.2,,,DD,,25-145,raw,data\raw\4\Leveling-4_GS-25-145_0degrees (5).png
4.2,,,DD,,25-145,raw,data\raw\4\Leveling-4_GS-25-145_0degrees.png
4.0,,,DD,,25-110,raw,data\raw\5\Leveling-5_GS-25-110 (1).png
4.0,,,DD,,25-110,raw,data\raw\5\Leveling-5_GS-25-110 (2).png
4.0,,,DD,,25-110,raw,data\raw\5\Leveling-5_GS-25-110 (3).png
4.0,,,DD,,25-110,raw,data\raw\5\Leveling-5_GS-25-110 (4).png
4.0,,,DD,,25-110,raw,data\raw\5\Leveling-5_GS-25-110 (5).png
4.0,,,DD,,25-110,raw,data\raw\5\Leveling-5_GS-25-110.png
4.5,,,DD,,25-133,raw,data\raw\5\Leveling-5_GS-25-133_0degrees (1).png
4.5,,,DD,,25-133,raw,data\raw\5\Leveling-5_GS-25-133_0degrees (2).png
4.5,,,DD,,25-133,raw,data\raw\5\Leveling-5_GS-25-133_0degrees (3).png
4.5,,,DD,,25-133,raw,data\raw\5\Leveling-5_GS-25-133_0degrees (4).png
4.5,,,DD,,25-133,raw,data\raw\5\Leveling-5_GS-25-133_0degrees (5).png
4.5,,,DD,,25-133,raw,data\raw\5\Leveling-5_GS-25-133_0degrees.png
4.8,,,DD,,25-140,raw,data\raw\5\Leveling-5_GS-25-140_0degrees (1).png
4.8,,,DD,,25-140,raw,data\raw\5\Leveling-5_GS-25-140_0degrees (2).png
4.8,,,DD,,25-140,raw,data\raw\5\Leveling-5_GS-25-140_0degrees (3).png
4.8,,,DD,,25-140,raw,data\raw\5\Leveling-5_GS-25-140_0degrees (4).png
4.8,,,DD,,25-140,raw,data\raw\5\Leveling-5_GS-25-140_0degrees (5).png
4.8,,,DD,,25-140,raw,data\raw\5\Leveling-5_GS-25-140_0degrees.png
5.8,,,DD,,25-143,raw,data\raw\5\Leveling-5_GS-25-143_0degrees (1).png
5.8,,,DD,,25-143,raw,data\raw\5\Leveling-5_GS-25-143_0degrees (2).png
5.8,,,DD,,25-143,raw,data\raw\5\Leveling-5_GS-25-143_0degrees (3).png
5.8,,,DD,,25-143,raw,data\raw\5\Leveling-5_GS-25-143_0degrees (4).png
5.8,,,DD,,25-143,raw,data\raw\5\Leveling-5_GS-25-143_0degrees (5).png
5.8,,,DD,,25-143,raw,data\raw\5\Leveling-5_GS-25-143_0degrees.png
5.0,,,DD,,25-150,raw,data\raw\5\Leveling-5_GS-25-150_0degrees (1).png
5.0,,,DD,,25-150,raw,data\raw\5\Leveling-5_GS-25-150_0degrees (2).png
5.0,,,DD,,25-150,raw,data\raw\5\Leveling-5_GS-25-150_0degrees (3).png
5.0,,,DD,,25-150,raw,data\raw\5\Leveling-5_GS-25-150_0degrees (4).png
5.0,,,DD,,25-150,raw,data\raw\5\Leveling-5_GS-25-150_0degrees (5).png
5.0,,,DD,,25-150,raw,data\raw\5\Leveling-5_GS-25-150_0degrees.png
5.5,,,DD,,25-131,raw,data\raw\6\Leveling-6_GS-25-131_0degrees (1).png
5.5,,,DD,,25-131,raw,data\raw\6\Leveling-6_GS-25-131_0degrees (2).png
5.5,,,DD,,25-131,raw,data\raw\6\Leveling-6_GS-25-131_0degrees (3).png
5.5,,,DD,,25-131,raw,data\raw\6\Leveling-6_GS-25-131_0degrees (4).png
5.5,,,DD,,25-131,raw,data\raw\6\Leveling-6_GS-25-131_0degrees (5).png
5.5,,,DD,,25-131,raw,data\raw\6\Leveling-6_GS-25-131_0degrees.png
6.3,,,DD,,25-136,raw,data\raw\6\Leveling-6_GS-25-136_0degrees (1).png
6.3,,,DD,,25-136,raw,data\raw\6\Leveling-6_GS-25-136_0degrees (2).png
6.3,,,DD,,25-136,raw,data\raw\6\Leveling-6_GS-25-136_0degrees (3).png
6.3,,,DD,,25-136,raw,data\raw\6\Leveling-6_GS-25-136_0degrees (4).png
6.3,,,DD,,25-136,raw,data\raw\6\Leveling-6_GS-25-136_0degrees (5).png
6.3,,,DD,,25-136,raw,data\raw\6\Leveling-6_GS-25-136_0degrees.png
6.3,,,DD,,25-141,raw,data\raw\6\Leveling-6_GS-25-141_0degrees (1).png
6.3,,,DD,,25-141,raw,data\raw\6\Leveling-6_GS-25-141_0degrees (2).png
6.3,,,DD,,25-141,raw,data\raw\6\Leveling-6_GS-25-141_0degrees (3).png
6.3,,,DD,,25-141,raw,data\raw\6\Leveling-6_GS-25-141_0degrees (4).png
6.3,,,DD,,25-141,raw,data\raw\6\Leveling-6_GS-25-141_0degrees (5).png
6.3,,,DD,,25-141,raw,data\raw\6\Leveling-6_GS-25-141_0degrees.png
5.2,,,DD,,25-144,raw,data\raw\6\Leveling-6_GS-25-144_0degrees (1).png
5.2,,,DD,,25-144,raw,data\raw\6\Leveling-6_GS-25-144_0degrees (2).png
5.2,,,DD,,25-144,raw,data\raw\6\Leveling-6_GS-25-144_0degrees (3).png
5.2,,,DD,,25-144,raw,data\raw\6\Leveling-6_GS-25-144_0degrees (4).png
5.2,,,DD,,25-144,raw,data\raw\6\Leveling-6_GS-25-144_0degrees (5).png
5.2,,,DD,,25-144,raw,data\raw\6\Leveling-6_GS-25-144_0degrees.png
7.2,,,DD,,25-128,raw,data\raw\7\Leveling-7_GS-25-128_0degrees (1).png
7.2,,,DD,,25-128,raw,data\raw\7\Leveling-7_GS-25-128_0degrees (2).png
7.2,,,DD,,25-128,raw,data\raw\7\Leveling-7_GS-25-128_0degrees (3).png
7.2,,,DD,,25-128,raw,data\raw\7\Leveling-7_GS-25-128_0degrees (4).png
7.2,,,DD,,25-128,raw,data\raw\7\Leveling-7_GS-25-128_0degrees (5).png
7.2,,,DD,,25-128,raw,data\raw\7\Leveling-7_GS-25-128_0degrees.png
6.8,,,DD,,25-104,raw,data\raw\8\Leveling-8_GS-25-104 (1).png
6.8,,,DD,,25-104,raw,data\raw\8\Leveling-8_GS-25-104 (2).png
6.8,,,DD,,25-104,raw,data\raw\8\Leveling-8_GS-25-104 (3).png
6.8,,,DD,,25-104,raw,data\raw\8\Leveling-8_GS-25-104 (4).png
6.8,,,DD,,25-104,raw,data\raw\8\Leveling-8_GS-25-104 (5).png
6.8,,,DD,,25-104,raw,data\raw\8\Leveling-8_GS-25-104.png
7.2,,,DD,,25-107,raw,data\raw\8\Leveling-8_GS-25-107 (1).png
7.2,,,DD,,25-107,raw,data\raw\8\Leveling-8_GS-25-107 (2).png
7.2,,,DD,,25-107,raw,data\raw\8\Leveling-8_GS-25-107 (3).png
7.2,,,DD,,25-107,raw,data\raw\8\Leveling-8_GS-25-107 (4).png
7.2,,,DD,,25-107,raw,data\raw\8\Leveling-8_GS-25-107 (5).png
7.2,,,DD,,25-107,raw,data\raw\8\Leveling-8_GS-25-107.png
8.0,,,DD,,25-125,raw,data\raw\8\Leveling-8_GS-25-125 (1).png
8.0,,,DD,,25-125,raw,data\raw\8\Leveling-8_GS-25-125 (2).png
8.0,,,DD,,25-125,raw,data\raw\8\Leveling-8_GS-25-125 (3).png
8.0,,,DD,,25-125,raw,data\raw\8\Leveling-8_GS-25-125 (4).png
8.0,,,DD,,25-125,raw,data\raw\8\Leveling-8_GS-25-125 (5).png
8.0,,,DD,,25-125,raw,data\raw\8\Leveling-8_GS-25-125.png
6.7,,,DD,,25-132,raw,data\raw\8\Leveling-8_GS-25-132_0degrees (1).png
6.7,,,DD,,25-132,raw,data\raw\8\Leveling-8_GS-25-132_0degrees (2).png
6.7,,,DD,,25-132,raw,data\raw\8\Leveling-8_GS-25-132_0degrees (3).png
6.7,,,DD,,25-132,raw,data\raw\8\Leveling-8_GS-25-132_0degrees (4).png
6.7,,,DD,,25-132,raw,data\raw\8\Leveling-8_GS-25-132_0degrees.png
6.3,,,DD,,25-146,raw,data\raw\8\Leveling-8_GS-25-146_0degrees (1).png
6.3,,,DD,,25-146,raw,data\raw\8\Leveling-8_GS-25-146_0degrees (2).png
6.3,,,DD,,25-146,raw,data\raw\8\Leveling-8_GS-25-146_0degrees (3).png
6.3,,,DD,,25-146,raw,data\raw\8\Leveling-8_GS-25-146_0degrees (4).png
6.3,,,DD,,25-146,raw,data\raw\8\Leveling-8_GS-25-146_0degrees (5).png
6.3,,,DD,,25-146,raw,data\raw\8\Leveling-8_GS-25-146_0degrees (6).png
6.3,,,DD,,25-146,raw,data\raw\8\Leveling-8_GS-25-146_0degrees.png
7.5,,,DD,,25-148,raw,data\raw\8\Leveling-8_GS-25-148_0degrees (1).png
7.5,,,DD,,25-148,raw,data\raw\8\Leveling-8_GS-25-148_0degrees (2).png
7.5,,,DD,,25-148,raw,data\raw\8\Leveling-8_GS-25-148_0degrees (3).png
7.5,,,DD,,25-148,raw,data\raw\8\Leveling-8_GS-25-148_0degrees (4).png
7.5,,,DD,,25-148,raw,data\raw\8\Leveling-8_GS-25-148_0degrees (5).png
7.5,,,DD,,25-148,raw,data\raw\8\Leveling-8_GS-25-148_0degrees.png
8.3,,,DD,,25-105,raw,data\raw\9\Leveling-9_GS-25-105 (1).png
8.3,,,DD,,25-105,raw,data\raw\9\Leveling-9_GS-25-105 (2).png
8.3,,,DD,,25-105,raw,data\raw\9\Leveling-9_GS-25-105 (3).png
8.3,,,DD,,25-105,raw,data\raw\9\Leveling-9_GS-25-105 (4).png
8.3,,,DD,,25-105,raw,data\raw\9\Leveling-9_GS-25-105 (5).png
8.3,,,DD,,25-105,raw,data\raw\9\Leveling-9_GS-25-105.png
9.5,,,DD,,25-124,raw,data\raw\9\Leveling-9_GS-25-124 (1).png
9.5,,,DD,,25-124,raw,data\raw\9\Leveling-9_GS-25-124 (2).png
9.5,,,DD,,25-124,raw,data\raw\9\Leveling-9_GS-25-124 (3).png
9.5,,,DD,,25-124,raw,data\raw\9\Leveling-9_GS-25-124 (4).png
9.5,,,DD,,25-124,raw,data\raw\9\Leveling-9_GS-25-124 (5).png
9.5,,,DD,,25-124,raw,data\raw\9\Leveling-9_GS-25-124.png
9.5,,,DD,,25-134,raw,data\raw\9\Leveling-9_GS-25-134_0degrees (1).png
9.5,,,DD,,25-134,raw,data\raw\9\Leveling-9_GS-25-134_0degrees (2).png
9.5,,,DD,,25-134,raw,data\raw\9\Leveling-9_GS-25-134_0degrees (3).png
9.5,,,DD,,25-134,raw,data\raw\9\Leveling-9_GS-25-134_0degrees (4).png
9.5,,,DD,,25-134,raw,data\raw\9\Leveling-9_GS-25-134_0degrees (5).png
9.5,,,DD,,25-134,raw,data\raw\9\Leveling-9_GS-25-134_0degrees.png
9.0,,,DD,,25-135,raw,data\raw\9\Leveling-9_GS-25-135_0degrees (1).png
9.0,,,DD,,25-135,raw,data\raw\9\Leveling-9_GS-25-135_0degrees (2).png
9.0,,,DD,,25-135,raw,data\raw\9\Leveling-9_GS-25-135_0degrees (3).png
9.0,,,DD,,25-135,raw,data\raw\9\Leveling-9_GS-25-135_0degrees (4).png
9.0,,,DD,,25-135,raw,data\raw\9\Leveling-9_GS-25-135_0degrees (5).png
9.0,,,DD,,25-135,raw,data\raw\9\Leveling-9_GS-25-135_0degrees.png
8.3,,,DD,,25-147,raw,data\raw\9\Leveling-9_GS-25-147_0degrees (1).png
8.3,,,DD,,25-147,raw,data\raw\9\Leveling-9_GS-25-147_0degrees (2).png
8.3,,,DD,,25-147,raw,data\raw\9\Leveling-9_GS-25-147_0degrees (3).png
8.3,,,DD,,25-147,raw,data\raw\9\Leveling-9_GS-25-147_0degrees (4).png
8.3,,,DD,,25-147,raw,data\raw\9\Leveling-9_GS-25-147_0degrees (5).png
8.3,,,DD,,25-147,raw,data\raw\9\Leveling-9_GS-25-147_0degrees.png
9.5,,,DD,,25-149,raw,data\raw\9\Leveling-9_GS-25-149_0degrees (1).png
9.5,,,DD,,25-149,raw,data\raw\9\Leveling-9_GS-25-149_0degrees (2).png
9.5,,,DD,,25-149,raw,data\raw\9\Leveling-9_GS-25-149_0degrees (3).png
9.5,,,DD,,25-149,raw,data\raw\9\Leveling-9_GS-25-149_0degrees (4).png
9.5,,,DD,,25-149,raw,data\raw\9\Leveling-9_GS-25-149_0degrees (5).png
9.5,,,DD,,25-149,raw,data\raw\9\Leveling-9_GS-25-149_0degrees.png
1.3,,,DD,,25-130,flat,data\flat\1\Leveling-1_GS-25-130_0degrees_flat (1).png
1.3,,,DD,,25-130,flat,data\flat\1\Leveling-1_GS-25-130_0degrees_flat (2).png
1.3,,,DD,,25-130,flat,data\flat\1\Leveling-1_GS-25-130_0degrees_flat (3).png
1.3,,,DD,,25-130,flat,data\flat\1\Leveling-1_GS-25-130_0degrees_flat (4).png
1.3,,,DD,,25-130,flat,data\flat\1\Leveling-1_GS-25-130_0degrees_flat (5).png
1.3,,,DD,,25-130,flat,data\flat\1\Leveling-1_GS-25-130_0degrees_flat.png
2.2,,,DD,,25-101,flat,data\flat\2\Leveling-2_GS-25-101_flat (1).png
2.2,,,DD,,25-101,flat,data\flat\2\Leveling-2_GS-25-101_flat (2).png
2.2,,,DD,,25-101,flat,data\flat\2\Leveling-2_GS-25-101_flat (3).png
2.2,,,DD,,25-101,flat,data\flat\2\Leveling-2_GS-25-101_flat (4).png
2.2,,,DD,,25-101,flat,data\flat\2\Leveling-2_GS-25-101_flat (5).png
1.2,,,DD,,25-108,flat,data\flat\2\Leveling-2_GS-25-108_flat (1).png
1.2,,,DD,,25-108,flat,data\flat\2\Leveling-2_GS-25-108_flat (2).png
1.2,,,DD,,25-108,flat,data\flat\2\Leveling-2_GS-25-108_flat (3).png
1.2,,,DD,,25-108,flat,data\flat\2\Leveling-2_GS-25-108_flat (4).png
1.2,,,DD,,25-108,flat,data\flat\2\Leveling-2_GS-25-108_flat (5).png
1.2,,,DD,,25-108,flat,data\flat\2\Leveling-2_GS-25-108_flat.png
1.3,,,DD,,25-111,flat,data\flat\2\Leveling-2_GS-25-111_flat (1).png
1.3,,,DD,,25-111,flat,data\flat\2\Leveling-2_GS-25-111_flat (2).png
1.3,,,DD,,25-111,flat,data\flat\2\Leveling-2_GS-25-111_flat (3).png
1.3,,,DD,,25-111,flat,data\flat\2\Leveling-2_GS-25-111_flat (4).png
1.3,,,DD,,25-111,flat,data\flat\2\Leveling-2_GS-25-111_flat (5).png
1.3,,,DD,,25-111,flat,data\flat\2\Leveling-2_GS-25-111_flat.png
1.8,,,DD,,25-112,flat,data\flat\2\Leveling-2_GS-25-112_flat (1).png
1.8,,,DD,,25-112,flat,data\flat\2\Leveling-2_GS-25-112_flat (2).png
1.8,,,DD,,25-112,flat,data\flat\2\Leveling-2_GS-25-112_flat (3).png
1.8,,,DD,,25-112,flat,data\flat\2\Leveling-2_GS-25-112_flat (4).png
1.8,,,DD,,25-112,flat,data\flat\2\Leveling-2_GS-25-112_flat (5).png
1.8,,,DD,,25-112,flat,data\flat\2\Leveling-2_GS-25-112_flat.png
1.5,,,DD,,25-114,flat,data\flat\2\Leveling-2_GS-25-114_flat (1).png
1.5,,,DD,,25-114,flat,data\flat\2\Leveling-2_GS-25-114_flat (2).png
1.5,,,DD,,25-114,flat,data\flat\2\Leveling-2_GS-25-114_flat (3).png
1.5,,,DD,,25-114,flat,data\flat\2\Leveling-2_GS-25-114_flat (4).png
1.5,,,DD,,25-114,flat,data\flat\2\Leveling-2_GS-25-114_flat (5).png
1.5,,,DD,,25-114,flat,data\flat\2\Leveling-2_GS-25-114_flat.png
2.0,,,DD,,25-121,flat,data\flat\2\Leveling-2_GS-25-121_flat (1).png
2.0,,,DD,,25-121,flat,data\flat\2\Leveling-2_GS-25-121_flat (2).png
2.0,,,DD,,25-121,flat,data\flat\2\Leveling-2_GS-25-121_flat (3).png
2.0,,,DD,,25-121,flat,data\flat\2\Leveling-2_GS-25-121_flat (4).png
2.0,,,DD,,25-121,flat,data\flat\2\Leveling-2_GS-25-121_flat (5).png
2.0,,,DD,,25-121,flat,data\flat\2\Leveling-2_GS-25-121_flat.png
2.3,,,DD,,25-122,flat,data\flat\2\Leveling-2_GS-25-122_flat (1).png
2.3,,,DD,,25-122,flat,data\flat\2\Leveling-2_GS-25-122_flat (2).png
2.3,,,DD,,25-122,flat,data\flat\2\Leveling-2_GS-25-122_flat (3).png
2.3,,,DD,,25-122,flat,data\flat\2\Leveling-2_GS-25-122_flat (4).png
2.3,,,DD,,25-122,flat,data\flat\2\Leveling-2_GS-25-122_flat (5).png
2.3,,,DD,,25-122,flat,data\flat\2\Leveling-2_GS-25-122_flat.png
2.2,,,DD,,25-123,flat,data\flat\2\Leveling-2_GS-25-123_flat (1).png
2.2,,,DD,,25-123,flat,data\flat\2\Leveling-2_GS-25-123_flat (2).png
2.2,,,DD,,25-123,flat,data\flat\2\Leveling-2_GS-25-123_flat (3).png
2.2,,,DD,,25-123,flat,data\flat\2\Leveling-2_GS-25-123_flat (4).png
2.2,,,DD,,25-123,flat,data\flat\2\Leveling-2_GS-25-123_flat (5).png
2.2,,,DD,,25-123,flat,data\flat\2\Leveling-2_GS-25-123_flat.png
2.2,,,DD,,25-129,flat,data\flat\2\Leveling-2_GS-25-129_0degrees_flat (1).png
2.2,,,DD,,25-129,flat,data\flat\2\Leveling-2_GS-25-129_0degrees_flat (2).png
2.2,,,DD,,25-129,flat,data\flat\2\Leveling-2_GS-25-129_0degrees_flat (3).png
2.2,,,DD,,25-129,flat,data\flat\2\Leveling-2_GS-25-129_0degrees_flat (4).png
2.2,,,DD,,25-129,flat,data\flat\2\Leveling-2_GS-25-129_0degrees_flat (5).png
2.2,,,DD,,25-129,flat,data\flat\2\Leveling-2_GS-25-129_0degrees_flat.png
2.7,,,DD,,25-138,flat,data\flat\2\Leveling-2_GS-25-138_0degrees_flat (1).png
2.7,,,DD,,25-138,flat,data\flat\2\Leveling-2_GS-25-138_0degrees_flat (2).png
2.7,,,DD,,25-138,flat,data\flat\2\Leveling-2_GS-25-138_0degrees_flat (3).png
2.7,,,DD,,25-138,flat,data\flat\2\Leveling-2_GS-25-138_0degrees_flat (4).png
2.7,,,DD,,25-138,flat,data\flat\2\Leveling-2_GS-25-138_0degrees_flat (5).png
2.7,,,DD,,25-138,flat,data\flat\2\Leveling-2_GS-25-138_0degrees_flat.png
2.0,,,DD,,25-139,flat,data\flat\2\Leveling-2_GS-25-139_0degrees_flat (1).png
2.0,,,DD,,25-139,flat,data\flat\2\Leveling-2_GS-25-139_0degrees_flat (2).png
2.0,,,DD,,25-139,flat,data\flat\2\Leveling-2_GS-25-139_0degrees_flat (3).png
2.0,,,DD,,25-139,flat,data\flat\2\Leveling-2_GS-25-139_0degrees_flat (4).png
2.0,,,DD,,25-139,flat,data\flat\2\Leveling-2_GS-25-139_0degrees_flat (5).png
2.0,,,DD,,25-139,flat,data\flat\2\Leveling-2_GS-25-139_0degrees_flat.png
2.2,,,DD,,25-100,flat,data\flat\3\Leveling-3_GS-25-100_flat (1).png
2.2,,,DD,,25-100,flat,data\flat\3\Leveling-3_GS-25-100_flat (10).png
2.2,,,DD,,25-100,flat,data\flat\3\Leveling-3_GS-25-100_flat (11).png
2.2,,,DD,,25-100,flat,data\flat\3\Leveling-3_GS-25-100_flat (12).png
2.2,,,DD,,25-100,flat,data\flat\3\Leveling-3_GS-25-100_flat (2).png
2.2,,,DD,,25-100,flat,data\flat\3\Leveling-3_GS-25-100_flat (3).png
2.2,,,DD,,25-100,flat,data\flat\3\Leveling-3_GS-25-100_flat (4).png
2.2,,,DD,,25-100,flat,data\flat\3\Leveling-3_GS-25-100_flat (5).png
2.2,,,DD,,25-100,flat,data\flat\3\Leveling-3_GS-25-100_flat (6).png
2.2,,,DD,,25-100,flat,data\flat\3\Leveling-3_GS-25-100_flat (7).png
2.2,,,DD,,25-100,flat,data\flat\3\Leveling-3_GS-25-100_flat (8).png
2.2,,,DD,,25-100,flat,data\flat\3\Leveling-3_GS-25-100_flat (9).png
2.2,,,DD,,25-100,flat,data\flat\3\Leveling-3_GS-25-100_flat.png
1.8,,,DD,,25-102,flat,data\flat\3\Leveling-3_GS-25-102_flat (1).png
1.8,,,DD,,25-102,flat,data\flat\3\Leveling-3_GS-25-102_flat (2).png
1.8,,,DD,,25-102,flat,data\flat\3\Leveling-3_GS-25-102_flat (3).png
1.8,,,DD,,25-102,flat,data\flat\3\Leveling-3_GS-25-102_flat (4).png
1.8,,,DD,,25-102,flat,data\flat\3\Leveling-3_GS-25-102_flat (5).png
1.8,,,DD,,25-102,flat,data\flat\3\Leveling-3_GS-25-102_flat.png
2.5,,,DD,,25-103,flat,data\flat\3\Leveling-3_GS-25-103_flat (1).png
2.5,,,DD,,25-103,flat,data\flat\3\Leveling-3_GS-25-103_flat (2).png
2.5,,,DD,,25-103,flat,data\flat\3\Leveling-3_GS-25-103_flat (3).png
2.5,,,DD,,25-103,flat,data\flat\3\Leveling-3_GS-25-103_flat (4).png
2.5,,,DD,,25-103,flat,data\flat\3\Leveling-3_GS-25-103_flat.png
2.3,,,DD,,25-109,flat,data\flat\3\Leveling-3_GS-25-109_flat (1).png
2.3,,,DD,,25-109,flat,data\flat\3\Leveling-3_GS-25-109_flat (2).png
2.3,,,DD,,25-109,flat,data\flat\3\Leveling-3_GS-25-109_flat (3).png
2.3,,,DD,,25-109,flat,data\flat\3\Leveling-3_GS-25-109_flat (4).png
2.3,,,DD,,25-109,flat,data\flat\3\Leveling-3_GS-25-109_flat (5).png
2.3,,,DD,,25-109,flat,data\flat\3\Leveling-3_GS-25-109_flat.png
2.5,,,DD,,25-113,flat,data\flat\3\Leveling-3_GS-25-113_flat (1).png
2.5,,,DD,,25-113,flat,data\flat\3\Leveling-3_GS-25-113_flat (2).png
2.5,,,DD,,25-113,flat,data\flat\3\Leveling-3_GS-25-113_flat (3).png
2.5,,,DD,,25-113,flat,data\flat\3\Leveling-3_GS-25-113_flat (4).png
2.5,,,DD,,25-113,flat,data\flat\3\Leveling-3_GS-25-113_flat (5).png
2.5,,,DD,,25-113,flat,data\flat\3\Leveling-3_GS-25-113_flat.png
3.7,,,DD,,25-116,flat,data\flat\3\Leveling-3_GS-25-116_flat (1).png
3.7,,,DD,,25-116,flat,data\flat\3\Leveling-3_GS-25-116_flat (2).png
3.7,,,DD,,25-116,flat,data\flat\3\Leveling-3_GS-25-116_flat (3).png
3.7,,,DD,,25-116,flat,data\flat\3\Leveling-3_GS-25-116_flat (4).png
3.7,,,DD,,25-116,flat,data\flat\3\Leveling-3_GS-25-116_flat (5).png
3.7,,,DD,,25-116,flat,data\flat\3\Leveling-3_GS-25-116_flat.png
2.2,,,DD,,25-117,flat,data\flat\3\Leveling-3_GS-25-117_flat (1).png
2.2,,,DD,,25-117,flat,data\flat\3\Leveling-3_GS-25-117_flat (2).png
2.2,,,DD,,25-117,flat,data\flat\3\Leveling-3_GS-25-117_flat (3).png
2.2,,,DD,,25-117,flat,data\flat\3\Leveling-3_GS-25-117_flat (4).png
2.2,,,DD,,25-117,flat,data\flat\3\Leveling-3_GS-25-117_flat (5).png
2.2,,,DD,,25-117,flat,data\flat\3\Leveling-3_GS-25-117_flat.png
3.2,,,DD,,25-120,flat,data\flat\3\Leveling-3_GS-25-120_flat (1).png
3.2,,,DD,,25-120,flat,data\flat\3\Leveling-3_GS-25-120_flat (2).png
3.2,,,DD,,25-120,flat,data\flat\3\Leveling-3_GS-25-120_flat (3).png
3.2,,,DD,,25-120,flat,data\flat\3\Leveling-3_GS-25-120_flat (4).png
3.2,,,DD,,25-120,flat,data\flat\3\Leveling-3_GS-25-120_flat (5).png
3.2,,,DD,,25-120,flat,data\flat\3\Leveling-3_GS-25-120_flat.png
2.7,,,DD,,25-126,flat,data\flat\3\Leveling-3_GS-25-126_0degrees_flat (1).png
2.7,,,DD,,25-126,flat,data\flat\3\Leveling-3_GS-25-126_0degrees_flat (2).png
2.7,,,DD,,25-126,flat,data\flat\3\Leveling-3_GS-25-126_0degrees_flat (3).png
2.7,,,DD,,25-126,flat,data\flat\3\Leveling-3_GS-25-126_0degrees_flat (4).png
2.7,,,DD,,25-126,flat,data\flat\3\Leveling-3_GS-25-126_0degrees_flat (5).png
2.7,,,DD,,25-126,flat,data\flat\3\Leveling-3_GS-25-126_0degrees_flat.png
3.0,,,DD,,25-127,flat,data\flat\3\Leveling-3_GS-25-127_0degrees_flat (1).png
3.0,,,DD,,25-127,flat,data\flat\3\Leveling-3_GS-25-127_0degrees_flat (2).png
3.0,,,DD,,25-127,flat,data\flat\3\Leveling-3_GS-25-127_0degrees_flat (3).png
3.0,,,DD,,25-127,flat,data\flat\3\Leveling-3_GS-25-127_0degrees_flat (4).png
3.0,,,DD,,25-127,flat,data\flat\3\Leveling-3_GS-25-127_0degrees_flat (5).png
3.0,,,DD,,25-127,flat,data\flat\3\Leveling-3_GS-25-127_0degrees_flat.png
3.2,,,DD,,25-137,flat,data\flat\3\Leveling-3_GS-25-137_0degrees_flat (1).png
3.2,,,DD,,25-137,flat,data\flat\3\Leveling-3_GS-25-137_0degrees_flat (2).png
3.2,,,DD,,25-137,flat,data\flat\3\Leveling-3_GS-25-137_0degrees_flat (3).png
3.2,,,DD,,25-137,flat,data\flat\3\Leveling-3_GS-25-137_0degrees_flat (4).png
3.2,,,DD,,25-137,flat,data\flat\3\Leveling-3_GS-25-137_0degrees_flat (5).png
3.2,,,DD,,25-137,flat,data\flat\3\Leveling-3_GS-25-137_0degrees_flat.png
3.2,,,DD,,25-142,flat,data\flat\3\Leveling-3_GS-25-142_0degrees_flat (1).png
3.2,,,DD,,25-142,flat,data\flat\3\Leveling-3_GS-25-142_0degrees_flat (2).png
3.2,,,DD,,25-142,flat,data\flat\3\Leveling-3_GS-25-142_0degrees_flat (3).png
3.2,,,DD,,25-142,flat,data\flat\3\Leveling-3_GS-25-142_0degrees_flat (4).png
3.2,,,DD,,25-142,flat,data\flat\3\Leveling-3_GS-25-142_0degrees_flat (5).png
3.2,,,DD,,25-142,flat,data\flat\3\Leveling-3_GS-25-142_0degrees_flat.png
3.5,,,DD,,25-106,flat,data\flat\4\Leveling-4_GS-25-106_flat (1).png
3.5,,,DD,,25-106,flat,data\flat\4\Leveling-4_GS-25-106_flat (2).png
3.5,,,DD,,25-106,flat,data\flat\4\Leveling-4_GS-25-106_flat (3).png
3.5,,,DD,,25-106,flat,data\flat\4\Leveling-4_GS-25-106_flat (4).png
3.5,,,DD,,25-106,flat,data\flat\4\Leveling-4_GS-25-106_flat (5).png
3.5,,,DD,,25-106,flat,data\flat\4\Leveling-4_GS-25-106_flat.png
5.2,,,DD,,25-115,flat,data\flat\4\Leveling-4_GS-25-115_flat (1).png
5.2,,,DD,,25-115,flat,data\flat\4\Leveling-4_GS-25-115_flat (2).png
5.2,,,DD,,25-115,flat,data\flat\4\Leveling-4_GS-25-115_flat (3).png
5.2,,,DD,,25-115,flat,data\flat\4\Leveling-4_GS-25-115_flat (4).png
5.2,,,DD,,25-115,flat,data\flat\4\Leveling-4_GS-25-115_flat (5).png
5.2,,,DD,,25-115,flat,data\flat\4\Leveling-4_GS-25-115_flat.png
3.7,,,DD,,25-118,flat,data\flat\4\Leveling-4_GS-25-118_flat (2).png
3.7,,,DD,,25-118,flat,data\flat\4\Leveling-4_GS-25-118_flat (3).png
3.7,,,DD,,25-118,flat,data\flat\4\Leveling-4_GS-25-118_flat (4).png
3.7,,,DD,,25-118,flat,data\flat\4\Leveling-4_GS-25-118_flat (5).png
3.7,,,DD,,25-118,flat,data\flat\4\Leveling-4_GS-25-118_flat (6).png
3.7,,,DD,,25-118,flat,data\flat\4\Leveling-4_GS-25-118_flat.png
4.0,,,DD,,25-119,flat,data\flat\4\Leveling-4_GS-25-119_flat (1).png
4.0,,,DD,,25-119,flat,data\flat\4\Leveling-4_GS-25-119_flat (2).png
4.0,,,DD,,25-119,flat,data\flat\4\Leveling-4_GS-25-119_flat (3).png
4.0,,,DD,,25-119,flat,data\flat\4\Leveling-4_GS-25-119_flat (4).png
4.0,,,DD,,25-119,flat,data\flat\4\Leveling-4_GS-25-119_flat (5).png
4.0,,,DD,,25-119,flat,data\flat\4\Leveling-4_GS-25-119_flat.png
4.2,,,DD,,25-145,flat,data\flat\4\Leveling-4_GS-25-145_0degrees_flat (1).png
4.2,,,DD,,25-145,flat,data\flat\4\Leveling-4_GS-25-145_0degrees_flat (2).png
4.2,,,DD,,25-145,flat,data\flat\4\Leveling-4_GS-25-145_0degrees_flat (3).png
4.2,,,DD,,25-145,flat,data\flat\4\Leveling-4_GS-25-145_0degrees_flat (4).png
4.2,,,DD,,25-145,flat,data\flat\4\Leveling-4_GS-25-145_0degrees_flat (5).png
4.2,,,DD,,25-145,flat,data\flat\4\Leveling-4_GS-25-145_0degrees_flat.png
4.0,,,DD,,25-110,flat,data\flat\5\Leveling-5_GS-25-110_flat (1).png
4.0,,,DD,,25-110,flat,data\flat\5\Leveling-5_GS-25-110_flat (2).png
4.0,,,DD,,25-110,flat,data\flat\5\Leveling-5_GS-25-110_flat (3).png
4.0,,,DD,,25-110,flat,data\flat\5\Leveling-5_GS-25-110_flat (4).png
4.0,,,DD,,25-110,flat,data\flat\5\Leveling-5_GS-25-110_flat (5).png
4.0,,,DD,,25-110,flat,data\flat\5\Leveling-5_GS-25-110_flat.png
4.5,,,DD,,25-133,flat,data\flat\5\Leveling-5_GS-25-133_0degrees_flat (1).png
4.5,,,DD,,25-133,flat,data\flat\5\Leveling-5_GS-25-133_0degrees_flat (2).png
4.5,,,DD,,25-133,flat,data\flat\5\Leveling-5_GS-25-133_0degrees_flat (3).png
4.5,,,DD,,25-133,flat,data\flat\5\Leveling-5_GS-25-133_0degrees_flat (4).png
4.5,,,DD,,25-133,flat,data\flat\5\Leveling-5_GS-25-133_0degrees_flat (5).png
4.5,,,DD,,25-133,flat,data\flat\5\Leveling-5_GS-25-133_0degrees_flat.png
4.8,,,DD,,25-140,flat,data\flat\5\Leveling-5_GS-25-140_0degrees_flat (1).png
4.8,,,DD,,25-140,flat,data\flat\5\Leveling-5_GS-25-140_0degrees_flat (2).png
4.8,,,DD,,25-140,flat,data\flat\5\Leveling-5_GS-25-140_0degrees_flat (3).png
4.8,,,DD,,25-140,flat,data\flat\5\Leveling-5_GS-25-140_0degrees_flat (4).png
4.8,,,DD,,25-140,flat,data\flat\5\Leveling-5_GS-25-140_0degrees_flat (5).png
4.8,,,DD,,25-140,flat,data\flat\5\Leveling-5_GS-25-140_0degrees_flat.png
5.8,,,DD,,25-143,flat,data\flat\5\Leveling-5_GS-25-143_0degrees_flat (1).png
5.8,,,DD,,25-143,flat,data\flat\5\Leveling-5_GS-25-143_0degrees_flat (2).png
5.8,,,DD,,25-143,flat,data\flat\5\Leveling-5_GS-25-143_0degrees_flat (3).png
5.8,,,DD,,25-143,flat,data\flat\5\Leveling-5_GS-25-143_0degrees_flat (4).png
5.8,,,DD,,25-143,flat,data\flat\5\Leveling-5_GS-25-143_0degrees_flat (5).png
5.8,,,DD,,25-143,flat,data\flat\5\Leveling-5_GS-25-143_0degrees_flat.png
5.0,,,DD,,25-150,flat,data\flat\5\Leveling-5_GS-25-150_0degrees_flat (1).png
5.0,,,DD,,25-150,flat,data\flat\5\Leveling-5_GS-25-150_0degrees_flat (2).png
5.0,,,DD,,25-150,flat,data\flat\5\Leveling-5_GS-25-150_0degrees_flat (3).png
5.0,,,DD,,25-150,flat,data\flat\5\Leveling-5_GS-25-150_0degrees_flat (4).png
5.0,,,DD,,25-150,flat,data\flat\5\Leveling-5_GS-25-150_0degrees_flat (5).png
5.0,,,DD,,25-150,flat,data\flat\5\Leveling-5_GS-25-150_0degrees_flat.png
5.5,,,DD,,25-131,flat,data\flat\6\Leveling-6_GS-25-131_0degrees_flat (1).png
5.5,,,DD,,25-131,flat,data\flat\6\Leveling-6_GS-25-131_0degrees_flat (2).png
5.5,,,DD,,25-131,flat,data\flat\6\Leveling-6_GS-25-131_0degrees_flat (3).png
5.5,,,DD,,25-131,flat,data\flat\6\Leveling-6_GS-25-131_0degrees_flat (4).png
5.5,,,DD,,25-131,flat,data\flat\6\Leveling-6_GS-25-131_0degrees_flat (5).png
5.5,,,DD,,25-131,flat,data\flat\6\Leveling-6_GS-25-131_0degrees_flat.png
6.3,,,DD,,25-136,flat,data\flat\6\Leveling-6_GS-25-136_0degrees_flat (1).png
6.3,,,DD,,25-136,flat,data\flat\6\Leveling-6_GS-25-136_0degrees_flat (2).png
6.3,,,DD,,25-136,flat,data\flat\6\Leveling-6_GS-25-136_0degrees_flat (3).png
6.3,,,DD,,25-136,flat,data\flat\6\Leveling-6_GS-25-136_0degrees_flat (4).png
6.3,,,DD,,25-136,flat,data\flat\6\Leveling-6_GS-25-136_0degrees_flat (5).png
6.3,,,DD,,25-136,flat,data\flat\6\Leveling-6_GS-25-136_0degrees_flat.png
6.3,,,DD,,25-141,flat,data\flat\6\Leveling-6_GS-25-141_0degrees_flat (1).png
6.3,,,DD,,25-141,flat,data\flat\6\Leveling-6_GS-25-141_0degrees_flat (2).png
6.3,,,DD,,25-141,flat,data\flat\6\Leveling-6_GS-25-141_0degrees_flat (3).png
6.3,,,DD,,25-141,flat,data\flat\6\Leveling-6_GS-25-141_0degrees_flat (4).png
6.3,,,DD,,25-141,flat,data\flat\6\Leveling-6_GS-25-141_0degrees_flat (5).png
6.3,,,DD,,25-141,flat,data\flat\6\Leveling-6_GS-25-141_0degrees_flat.png
5.2,,,DD,,25-144,flat,data\flat\6\Leveling-6_GS-25-144_0degrees_flat (1).png
5.2,,,DD,,25-144,flat,data\flat\6\Leveling-6_GS-25-144_0degrees_flat (2).png
5.2,,,DD,,25-144,flat,data\flat\6\Leveling-6_GS-25-144_0degrees_flat (3).png
5.2,,,DD,,25-144,flat,data\flat\6\Leveling-6_GS-25-144_0degrees_flat (4).png
5.2,,,DD,,25-144,flat,data\flat\6\Leveling-6_GS-25-144_0degrees_flat (5).png
5.2,,,DD,,25-144,flat,data\flat\6\Leveling-6_GS-25-144_0degrees_flat.png
7.2,,,DD,,25-128,flat,data\flat\7\Leveling-7_GS-25-128_0degrees_flat (1).png
7.2,,,DD,,25-128,flat,data\flat\7\Leveling-7_GS-25-128_0degrees_flat (2).png
7.2,,,DD,,25-128,flat,data\flat\7\Leveling-7_GS-25-128_0degrees_flat (3).png
7.2,,,DD,,25-128,flat,data\flat\7\Leveling-7_GS-25-128_0degrees_flat (4).png
7.2,,,DD,,25-128,flat,data\flat\7\Leveling-7_GS-25-128_0degrees_flat (5).png
7.2,,,DD,,25-128,flat,data\flat\7\Leveling-7_GS-25-128_0degrees_flat.png
6.8,,,DD,,25-104,flat,data\flat\8\Leveling-8_GS-25-104_flat (1).png
6.8,,,DD,,25-104,flat,data\flat\8\Leveling-8_GS-25-104_flat (2).png
6.8,,,DD,,25-104,flat,data\flat\8\Leveling-8_GS-25-104_flat (3).png
6.8,,,DD,,25-104,flat,data\flat\8\Leveling-8_GS-25-104_flat (4).png
6.8,,,DD,,25-104,flat,data\flat\8\Leveling-8_GS-25-104_flat (5).png
6.8,,,DD,,25-104,flat,data\flat\8\Leveling-8_GS-25-104_flat.png
7.2,,,DD,,25-107,flat,data\flat\8\Leveling-8_GS-25-107_flat (1).png
7.2,,,DD,,25-107,flat,data\flat\8\Leveling-8_GS-25-107_flat (2).png
7.2,,,DD,,25-107,flat,data\flat\8\Leveling-8_GS-25-107_flat (3).png
7.2,,,DD,,25-107,flat,data\flat\8\Leveling-8_GS-25-107_flat (4).png
7.2,,,DD,,25-107,flat,data\flat\8\Leveling-8_GS-25-107_flat (5).png
7.2,,,DD,,25-107,flat,data\flat\8\Leveling-8_GS-25-107_flat.png
8.0,,,DD,,25-125,flat,data\flat\8\Leveling-8_GS-25-125_flat (1).png
8.0,,,DD,,25-125,flat,data\flat\8\Leveling-8_GS-25-125_flat (2).png
8.0,,,DD,,25-125,flat,data\flat\8\Leveling-8_GS-25-125_flat (3).png
8.0,,,DD,,25-125,flat,data\flat\8\Leveling-8_GS-25-125_flat (4).png
8.0,,,DD,,25-125,flat,data\flat\8\Leveling-8_GS-25-125_flat (5).png
8.0,,,DD,,25-125,flat,data\flat\8\Leveling-8_GS-25-125_flat.png
6.7,,,DD,,25-132,flat,data\flat\8\Leveling-8_GS-25-132_0degrees_flat (1).png
6.7,,,DD,,25-132,flat,data\flat\8\Leveling-8_GS-25-132_0degrees_flat (2).png
6.7,,,DD,,25-132,flat,data\flat\8\Leveling-8_GS-25-132_0degrees_flat (3).png
6.7,,,DD,,25-132,flat,data\flat\8\Leveling-8_GS-25-132_0degrees_flat (4).png
6.7,,,DD,,25-132,flat,data\flat\8\Leveling-8_GS-25-132_0degrees_flat.png
6.3,,,DD,,25-146,flat,data\flat\8\Leveling-8_GS-25-146_0degrees_flat (1).png
6.3,,,DD,,25-146,flat,data\flat\8\Leveling-8_GS-25-146_0degrees_flat (2).png
6.3,,,DD,,25-146,flat,data\flat\8\Leveling-8_GS-25-146_0degrees_flat (3).png
6.3,,,DD,,25-146,flat,data\flat\8\Leveling-8_GS-25-146_0degrees_flat (4).png
6.3,,,DD,,25-146,flat,data\flat\8\Leveling-8_GS-25-146_0degrees_flat (5).png
6.3,,,DD,,25-146,flat,data\flat\8\Leveling-8_GS-25-146_0degrees_flat (6).png
6.3,,,DD,,25-146,flat,data\flat\8\Leveling-8_GS-25-146_0degrees_flat.png
7.5,,,DD,,25-148,flat,data\flat\8\Leveling-8_GS-25-148_0degrees_flat (1).png
7.5,,,DD,,25-148,flat,data\flat\8\Leveling-8_GS-25-148_0degrees_flat (2).png
7.5,,,DD,,25-148,flat,data\flat\8\Leveling-8_GS-25-148_0degrees_flat (3).png
7.5,,,DD,,25-148,flat,data\flat\8\Leveling-8_GS-25-148_0degrees_flat (4).png
7.5,,,DD,,25-148,flat,data\flat\8\Leveling-8_GS-25-148_0degrees_flat (5).png
7.5,,,DD,,25-148,flat,data\flat\8\Leveling-8_GS-25-148_0degrees_flat.png
8.3,,,DD,,25-105,flat,data\flat\9\Leveling-9_GS-25-105_flat (1).png
8.3,,,DD,,25-105,flat,data\flat\9\Leveling-9_GS-25-105_flat (2).png
8.3,,,DD,,25-105,flat,data\flat\9\Leveling-9_GS-25-105_flat (3).png
8.3,,,DD,,25-105,flat,data\flat\9\Leveling-9_GS-25-105_flat (4).png
8.3,,,DD,,25-105,flat,data\flat\9\Leveling-9_GS-25-105_flat (5).png
8.3,,,DD,,25-105,flat,data\flat\9\Leveling-9_GS-25-105_flat.png
9.5,,,DD,,25-124,flat,data\flat\9\Leveling-9_GS-25-124_flat (1).png
9.5,,,DD,,25-124,flat,data\flat\9\Leveling-9_GS-25-124_flat (2).png
9.5,,,DD,,25-124,flat,data\flat\9\Leveling-9_GS-25-124_flat (3).png
9.5,,,DD,,25-124,flat,data\flat\9\Leveling-9_GS-25-124_flat (4).png
9.5,,,DD,,25-124,flat,data\flat\9\Leveling-9_GS-25-124_flat (5).png
9.5,,,DD,,25-124,flat,data\flat\9\Leveling-9_GS-25-124_flat.png
9.5,,,DD,,25-134,flat,data\flat\9\Leveling-9_GS-25-134_0degrees_flat (1).png
9.5,,,DD,,25-134,flat,data\flat\9\Leveling-9_GS-25-134_0degrees_flat (2).png
9.5,,,DD,,25-134,flat,data\flat\9\Leveling-9_GS-25-134_0degrees_flat (3).png
9.5,,,DD,,25-134,flat,data\flat\9\Leveling-9_GS-25-134_0degrees_flat (4).png
9.5,,,DD,,25-134,flat,data\flat\9\Leveling-9_GS-25-134_0degrees_flat (5).png
9.5,,,DD,,25-134,flat,data\flat\9\Leveling-9_GS-25-134_0degrees_flat.png
9.0,,,DD,,25-135,flat,data\flat\9\Leveling-9_GS-25-135_0degrees_flat (1).png
9.0,,,DD,,25-135,flat,data\flat\9\Leveling-9_GS-25-135_0degrees_flat (2).png
9.0,,,DD,,25-135,flat,data\flat\9\Leveling-9_GS-25-135_0degrees_flat (3).png
9.0,,,DD,,25-135,flat,data\flat\9\Leveling-9_GS-25-135_0degrees_flat (4).png
9.0,,,DD,,25-135,flat,data\flat\9\Leveling-9_GS-25-135_0degrees_flat (5).png
9.0,,,DD,,25-135,flat,data\flat\9\Leveling-9_GS-25-135_0degrees_flat.png
8.3,,,DD,,25-147,flat,data\flat\9\Leveling-9_GS-25-147_0degrees_flat (1).png
8.3,,,DD,,25-147,flat,data\flat\9\Leveling-9_GS-25-147_0degrees_flat (2).png
8.3,,,DD,,25-147,flat,data\flat\9\Leveling-9_GS-25-147_0degrees_flat (3).png
8.3,,,DD,,25-147,flat,data\flat\9\Leveling-9_GS-25-147_0degrees_flat (4).png
8.3,,,DD,,25-147,flat,data\flat\9\Leveling-9_GS-25-147_0degrees_flat (5).png
8.3,,,DD,,25-147,flat,data\flat\9\Leveling-9_GS-25-147_0degrees_flat.png
9.5,,,DD,,25-149,flat,data\flat\9\Leveling-9_GS-25-149_0degrees_flat (1).png
9.5,,,DD,,25-149,flat,data\flat\9\Leveling-9_GS-25-149_0degrees_flat (2).png
9.5,,,DD,,25-149,flat,data\flat\9\Leveling-9_GS-25-149_0degrees_flat (3).png
9.5,,,DD,,25-149,flat,data\flat\9\Leveling-9_GS-25-149_0degrees_flat (4).png
9.5,,,DD,,25-149,flat,data\flat\9\Leveling-9_GS-25-149_0degrees_flat (5).png
9.5,,,DD,,25-149,flat,data\flat\9\Leveling-9_GS-25-149_0degrees_flat.png
1.0,Chase,6.2.2026,STD,Rob2BCA-WPWU,,flat,data_new\1\{Leveling-1}P{Chase}_D{6.2.2026}_type(STD)_GS{Rob2BCA-WPWU}_State{FLAT}_0degrees_flat (2).png
1.0,Chase,6.2.2026,STD,Rob2BCA-WPWU,,flat,data_new\1\{Leveling-1}P{Chase}_D{6.2.2026}_type(STD)_GS{Rob2BCA-WPWU}_State{FLAT}_0degrees_flat.png
1.0,Chase,6.2.2026,STD,Rob2BCA-WPWU,,raw,data_new\1\{Leveling-1}P{Chase}_D{6.2.2026}_type(STD)_GS{Rob2BCA-WPWU}_State{Raw}_0degrees (2).png
1.0,Chase,6.2.2026,STD,Rob2BCAWPWU,,raw,data_new\1\{Leveling-1}P{Chase}_D{6.2.2026}_type(STD)_GS{Rob2BCAWPWU}_State{Raw}_0degrees.png
1.0,Chase,6.3.2026,STD,Rob2BCA-WPWU,,raw,data_new\1\{Leveling-1}P{Chase}_D{6.3.2026}_type(STD)_GS{Rob2BCA-WPWU}_State{Raw}_0degrees (1).png
1.0,Chase,6.3.2026,STD,Rob2BCA-WPWU,,raw,data_new\1\{Leveling-1}P{Chase}_D{6.3.2026}_type(STD)_GS{Rob2BCA-WPWU}_State{Raw}_0degrees.png
1.0,Chase,6.3.2026,STD,Rob2BCA-WPWU,,flat,data_new\1\{Leveling-1}P{Chase}_D{6.3.2026}_type(STD)_GS{Rob2BCA-WPWU}_State{Raw}_0degrees_flat (1).png
1.0,Chase,6.3.2026,STD,Rob2BCA-WPWU,,flat,data_new\1\{Leveling-1}P{Chase}_D{6.3.2026}_type(STD)_GS{Rob2BCA-WPWU}_State{Raw}_0degrees_flat.png
1.0,Chase,6.5.2026,STD,Rob2BDR-9F02,,raw,data_new\1\{Leveling-1}P{Chase}_D{6.5.2026}_type(STD)_GS{Rob2BDR-9F02}_State{Raw}_0degrees (1).png
1.0,Chase,6.5.2026,STD,Rob2BDR-9F02,,raw,data_new\1\{Leveling-1}P{Chase}_D{6.5.2026}_type(STD)_GS{Rob2BDR-9F02}_State{Raw}_0degrees.png
1.0,Chase,6.5.2026,STD,Rob2BDR-9F02,,flat,data_new\1\{Leveling-1}P{Chase}_D{6.5.2026}_type(STD)_GS{Rob2BDR-9F02}_State{Raw}_0degrees_flat (1).png
1.0,Chase,6.5.2026,STD,Rob2BDR-9F02,,flat,data_new\1\{Leveling-1}P{Chase}_D{6.5.2026}_type(STD)_GS{Rob2BDR-9F02}_State{Raw}_0degrees_flat.png
1.0,David,6.4.2026,STD,Rob2BCA-WPWU,,raw,data_new\1\{Leveling-1}P{David}_D{6.4.2026}_type(STD)_GS{Rob2BCA-WPWU}_State{Raw}_0degrees (1).png
1.0,David,6.4.2026,STD,Rob2BCA-WPWU,,raw,data_new\1\{Leveling-1}P{David}_D{6.4.2026}_type(STD)_GS{Rob2BCA-WPWU}_State{Raw}_0degrees.png
1.0,David,6.4.2026,STD,Rob2BCA-WPWU,,flat,data_new\1\{Leveling-1}P{David}_D{6.4.2026}_type(STD)_GS{Rob2BCA-WPWU}_State{Raw}_0degrees_flat (1).png
1.0,David,6.4.2026,STD,Rob2BCA-WPWU,,flat,data_new\1\{Leveling-1}P{David}_D{6.4.2026}_type(STD)_GS{Rob2BCA-WPWU}_State{Raw}_0degrees_flat.png
1.0,David,6.5.2026,STD,Rob2BCA-WPWU,,raw,data_new\1\{Leveling-1}P{David}_D{6.5.2026}_type(STD)_GS{Rob2BCA-WPWU}_State{Raw}_0degrees (1).png
1.0,David,6.5.2026,STD,Rob2BCA-WPWU,,raw,data_new\1\{Leveling-1}P{David}_D{6.5.2026}_type(STD)_GS{Rob2BCA-WPWU}_State{Raw}_0degrees.png
1.0,David,6.5.2026,STD,Rob2BCA-WPWU,,flat,data_new\1\{Leveling-1}P{David}_D{6.5.2026}_type(STD)_GS{Rob2BCA-WPWU}_State{Raw}_0degrees_flat (1).png
1.0,David,6.5.2026,STD,Rob2BCA-WPWU,,flat,data_new\1\{Leveling-1}P{David}_D{6.5.2026}_type(STD)_GS{Rob2BCA-WPWU}_State{Raw}_0degrees_flat.png
1.0,David,6.5.2026,STD,Rob2BDR-9F0Z,,raw,data_new\1\{Leveling-1}P{David}_D{6.5.2026}_type(STD)_GS{Rob2BDR-9F0Z}_State{Raw}_0degrees (1).png
1.0,David,6.5.2026,STD,Rob2BDR-9F0Z,,raw,data_new\1\{Leveling-1}P{David}_D{6.5.2026}_type(STD)_GS{Rob2BDR-9F0Z}_State{Raw}_0degrees.png
1.0,David,6.5.2026,STD,Rob2BDR-9F0Z,,flat,data_new\1\{Leveling-1}P{David}_D{6.5.2026}_type(STD)_GS{Rob2BDR-9F0Z}_State{Raw}_0degrees_flat (1).png
1.0,David,6.5.2026,STD,Rob2BDR-9F0Z,,flat,data_new\1\{Leveling-1}P{David}_D{6.5.2026}_type(STD)_GS{Rob2BDR-9F0Z}_State{Raw}_0degrees_flat.png
1.0,David,6.8.2026,STD,Rob2BDR-9F02,,raw,data_new\1\{Leveling-1}P{David}_D{6.8.2026}_type(STD)_GS{Rob2BDR-9F02}_State{Raw}_0degrees (1).png
1.0,David,6.8.2026,STD,Rob2BDR-9F02,,raw,data_new\1\{Leveling-1}P{David}_D{6.8.2026}_type(STD)_GS{Rob2BDR-9F02}_State{Raw}_0degrees.png
1.0,David,6.8.2026,STD,Rob2BDR-9F02,,flat,data_new\1\{Leveling-1}P{David}_D{6.8.2026}_type(STD)_GS{Rob2BDR-9F02}_State{Raw}_0degrees_flat (1).png
1.0,David,6.8.2026,STD,Rob2BDR-9F02,,flat,data_new\1\{Leveling-1}P{David}_D{6.8.2026}_type(STD)_GS{Rob2BDR-9F02}_State{Raw}_0degrees_flat.png
1.0,Nicole,6.4.2026,STD,Rob2BCA-WPWU,,raw,data_new\1\{Leveling-1}P{Nicole}_D{6.4.2026}_type(STD)_GS{Rob2BCA-WPWU}_State{Raw}_0degrees (1).png
1.0,Nicole,6.4.2026,STD,Rob2BCA-WPWU,,raw,data_new\1\{Leveling-1}P{Nicole}_D{6.4.2026}_type(STD)_GS{Rob2BCA-WPWU}_State{Raw}_0degrees (2).png
1.0,Nicole,6.4.2026,STD,Rob2BCA-WPWU,,flat,data_new\1\{Leveling-1}P{Nicole}_D{6.4.2026}_type(STD)_GS{Rob2BCA-WPWU}_State{Raw}_0degrees_flat (1).png
1.0,Nicole,6.4.2026,STD,Rob2BCA-WPWU,,flat,data_new\1\{Leveling-1}P{Nicole}_D{6.4.2026}_type(STD)_GS{Rob2BCA-WPWU}_State{Raw}_0degrees_flat (2).png
1.0,Nicole,6.5.2026,STD,Rob2BCA-WPWU,,raw,data_new\1\{Leveling-1}P{Nicole}_D{6.5.2026}_type(STD)_GS{Rob2BCA-WPWU}_State{Raw}_0degrees (1).png
1.0,Nicole,6.5.2026,STD,Rob2BCA-WPWU,,raw,data_new\1\{Leveling-1}P{Nicole}_D{6.5.2026}_type(STD)_GS{Rob2BCA-WPWU}_State{Raw}_0degrees.png
1.0,Nicole,6.5.2026,STD,Rob2BCA-WPWU,,flat,data_new\1\{Leveling-1}P{Nicole}_D{6.5.2026}_type(STD)_GS{Rob2BCA-WPWU}_State{Raw}_0degrees_flat (1).png
1.0,Nicole,6.5.2026,STD,Rob2BCA-WPWU,,flat,data_new\1\{Leveling-1}P{Nicole}_D{6.5.2026}_type(STD)_GS{Rob2BCA-WPWU}_State{Raw}_0degrees_flat.png
1.0,Nicole,6.5.2026,STD,Rob2BDR-9F02,,raw,data_new\1\{Leveling-1}P{Nicole}_D{6.5.2026}_type(STD)_GS{Rob2BDR-9F02}_State{Raw}_0degrees (1).png
1.0,Nicole,6.5.2026,STD,Rob2BDR-9F02,,raw,data_new\1\{Leveling-1}P{Nicole}_D{6.5.2026}_type(STD)_GS{Rob2BDR-9F02}_State{Raw}_0degrees.png
1.0,Nicole,6.5.2026,STD,Rob2BDR-9F02,,flat,data_new\1\{Leveling-1}P{Nicole}_D{6.5.2026}_type(STD)_GS{Rob2BDR-9F02}_State{Raw}_0degrees_flat (1).png
1.0,Nicole,6.5.2026,STD,Rob2BDR-9F02,,flat,data_new\1\{Leveling-1}P{Nicole}_D{6.5.2026}_type(STD)_GS{Rob2BDR-9F02}_State{Raw}_0degrees_flat.png
1.0,Nicole,6.8.2026,STD,Rob2BDR-9F02,,raw,data_new\1\{Leveling-1}P{Nicole}_D{6.8.2026}_type(STD)_GS{Rob2BDR-9F02}_State{Raw}_0degrees (2).png
1.0,Nicole,6.8.2026,STD,Rob2BDR-9F02,,raw,data_new\1\{Leveling-1}P{Nicole}_D{6.8.2026}_type(STD)_GS{Rob2BDR-9F02}_State{Raw}_0degrees (3).png
1.0,Nicole,6.8.2026,STD,Rob2BDR-9F02,,flat,data_new\1\{Leveling-1}P{Nicole}_D{6.8.2026}_type(STD)_GS{Rob2BDR-9F02}_State{Raw}_0degrees_flat (2).png
1.0,Nicole,6.8.2026,STD,Rob2BDR-9F02,,flat,data_new\1\{Leveling-1}P{Nicole}_D{6.8.2026}_type(STD)_GS{Rob2BDR-9F02}_State{Raw}_0degrees_flat (3).png
1.0,Pride,6.4.2026,STD,Rob2BCA-WPWU,,raw,data_new\1\{Leveling-1}P{Pride}_D{6.4.2026}_type(STD)_GS{Rob2BCA-WPWU}_State{Raw}_0degrees (1).png
1.0,Pride,6.4.2026,STD,Rob2BCA-WPWU,,raw,data_new\1\{Leveling-1}P{Pride}_D{6.4.2026}_type(STD)_GS{Rob2BCA-WPWU}_State{Raw}_0degrees.png
1.0,Pride,6.4.2026,STD,Rob2BCA-WPWU,,flat,data_new\1\{Leveling-1}P{Pride}_D{6.4.2026}_type(STD)_GS{Rob2BCA-WPWU}_State{Raw}_0degrees_flat (1).png
1.0,Pride,6.4.2026,STD,Rob2BCA-WPWU,,flat,data_new\1\{Leveling-1}P{Pride}_D{6.4.2026}_type(STD)_GS{Rob2BCA-WPWU}_State{Raw}_0degrees_flat.png
2.0,Chase,6.2.2026,STD,Rob2BCA-WPWU,,flat,data_new\2\{Leveling-2}P{Chase}_D{6.2.2026}_type(STD)_GS{Rob2BCA-WPWU}_State{FLAT}_0degrees_flat (1).png
2.0,Chase,6.2.2026,STD,Rob2BCA-WPWU,,flat,data_new\2\{Leveling-2}P{Chase}_D{6.2.2026}_type(STD)_GS{Rob2BCA-WPWU}_State{FLAT}_0degrees_flat.png
2.0,Chase,6.2.2026,STD,Rob2BCA-WPWU,,raw,data_new\2\{Leveling-2}P{Chase}_D{6.2.2026}_type(STD)_GS{Rob2BCA-WPWU}_State{Raw}_0degrees (1).png
2.0,Chase,6.2.2026,STD,Rob2BCA-WPWU,,raw,data_new\2\{Leveling-2}P{Chase}_D{6.2.2026}_type(STD)_GS{Rob2BCA-WPWU}_State{Raw}_0degrees.png
2.0,Chase,6.3.2026,STD,Rob2BCA-WPWU,,raw,data_new\2\{Leveling-2}P{Chase}_D{6.3.2026}_type(STD)_GS{Rob2BCA-WPWU}_State{Raw}_0degrees (1).png
2.0,Chase,6.3.2026,STD,Rob2BCA-WPWU,,raw,data_new\2\{Leveling-2}P{Chase}_D{6.3.2026}_type(STD)_GS{Rob2BCA-WPWU}_State{Raw}_0degrees.png
2.0,Chase,6.3.2026,STD,Rob2BCA-WPWU,,flat,data_new\2\{Leveling-2}P{Chase}_D{6.3.2026}_type(STD)_GS{Rob2BCA-WPWU}_State{Raw}_0degrees_flat (1).png
2.0,Chase,6.3.2026,STD,Rob2BCA-WPWU,,flat,data_new\2\{Leveling-2}P{Chase}_D{6.3.2026}_type(STD)_GS{Rob2BCA-WPWU}_State{Raw}_0degrees_flat.png
2.0,Chase,6.5.2026,STD,Rob2BDR-9F02,,raw,data_new\2\{Leveling-2}P{Chase}_D{6.5.2026}_type(STD)_GS{Rob2BDR-9F02}_State{Raw}_0degrees (1).png
2.0,Chase,6.5.2026,STD,Rob2BDR-9F02,,raw,data_new\2\{Leveling-2}P{Chase}_D{6.5.2026}_type(STD)_GS{Rob2BDR-9F02}_State{Raw}_0degrees.png
2.0,Chase,6.5.2026,STD,Rob2BDR-9F02,,flat,data_new\2\{Leveling-2}P{Chase}_D{6.5.2026}_type(STD)_GS{Rob2BDR-9F02}_State{Raw}_0degrees_flat (1).png
2.0,Chase,6.5.2026,STD,Rob2BDR-9F02,,flat,data_new\2\{Leveling-2}P{Chase}_D{6.5.2026}_type(STD)_GS{Rob2BDR-9F02}_State{Raw}_0degrees_flat.png
2.0,David,6.4.2026,STD,Rob2BCA-WPWU,,raw,data_new\2\{Leveling-2}P{David}_D{6.4.2026}_type(STD)_GS{Rob2BCA-WPWU}_State{Raw}_0degrees (1).png
2.0,David,6.4.2026,STD,Rob2BCA-WPWU,,raw,data_new\2\{Leveling-2}P{David}_D{6.4.2026}_type(STD)_GS{Rob2BCA-WPWU}_State{Raw}_0degrees.png
2.0,David,6.4.2026,STD,Rob2BCA-WPWU,,flat,data_new\2\{Leveling-2}P{David}_D{6.4.2026}_type(STD)_GS{Rob2BCA-WPWU}_State{Raw}_0degrees_flat (1).png
2.0,David,6.4.2026,STD,Rob2BCA-WPWU,,flat,data_new\2\{Leveling-2}P{David}_D{6.4.2026}_type(STD)_GS{Rob2BCA-WPWU}_State{Raw}_0degrees_flat.png
2.0,David,6.5.2026,STD,Rob2BCA-WPWU,,raw,data_new\2\{Leveling-2}P{David}_D{6.5.2026}_type(STD)_GS{Rob2BCA-WPWU}_State{Raw}_0degrees (1).png
2.0,David,6.5.2026,STD,Rob2BCA-WPWU,,raw,data_new\2\{Leveling-2}P{David}_D{6.5.2026}_type(STD)_GS{Rob2BCA-WPWU}_State{Raw}_0degrees.png
2.0,David,6.5.2026,STD,Rob2BCA-WPWU,,flat,data_new\2\{Leveling-2}P{David}_D{6.5.2026}_type(STD)_GS{Rob2BCA-WPWU}_State{Raw}_0degrees_flat (1).png
2.0,David,6.5.2026,STD,Rob2BCA-WPWU,,flat,data_new\2\{Leveling-2}P{David}_D{6.5.2026}_type(STD)_GS{Rob2BCA-WPWU}_State{Raw}_0degrees_flat.png
2.0,David,6.5.2026,STD,Rob2BDR-9F0Z,,raw,data_new\2\{Leveling-2}P{David}_D{6.5.2026}_type(STD)_GS{Rob2BDR-9F0Z}_State{Raw}_0degrees (1).png
2.0,David,6.5.2026,STD,Rob2BDR-9F0Z,,raw,data_new\2\{Leveling-2}P{David}_D{6.5.2026}_type(STD)_GS{Rob2BDR-9F0Z}_State{Raw}_0degrees.png
2.0,David,6.5.2026,STD,Rob2BDR-9F0Z,,flat,data_new\2\{Leveling-2}P{David}_D{6.5.2026}_type(STD)_GS{Rob2BDR-9F0Z}_State{Raw}_0degrees_flat (1).png
2.0,David,6.5.2026,STD,Rob2BDR-9F0Z,,flat,data_new\2\{Leveling-2}P{David}_D{6.5.2026}_type(STD)_GS{Rob2BDR-9F0Z}_State{Raw}_0degrees_flat.png
2.0,David,6.8.2026,STD,Rob2BDR-9F02,,raw,data_new\2\{Leveling-2}P{David}_D{6.8.2026}_type(STD)_GS{Rob2BDR-9F02}_State{Raw}_0degrees (1).png
2.0,David,6.8.2026,STD,Rob2BDR-9F02,,raw,data_new\2\{Leveling-2}P{David}_D{6.8.2026}_type(STD)_GS{Rob2BDR-9F02}_State{Raw}_0degrees.png
2.0,David,6.8.2026,STD,Rob2BDR-9F02,,flat,data_new\2\{Leveling-2}P{David}_D{6.8.2026}_type(STD)_GS{Rob2BDR-9F02}_State{Raw}_0degrees_flat (1).png
2.0,David,6.8.2026,STD,Rob2BDR-9F02,,flat,data_new\2\{Leveling-2}P{David}_D{6.8.2026}_type(STD)_GS{Rob2BDR-9F02}_State{Raw}_0degrees_flat.png
2.0,Nicole,6.4.2026,STD,Rob2BCA-WPWU,,raw,data_new\2\{Leveling-2}P{Nicole}_D{6.4.2026}_type(STD)_GS{Rob2BCA-WPWU}_State{Raw}_0degrees (1).png
2.0,Nicole,6.4.2026,STD,Rob2BCA-WPWU,,raw,data_new\2\{Leveling-2}P{Nicole}_D{6.4.2026}_type(STD)_GS{Rob2BCA-WPWU}_State{Raw}_0degrees.png
2.0,Nicole,6.4.2026,STD,Rob2BCA-WPWU,,flat,data_new\2\{Leveling-2}P{Nicole}_D{6.4.2026}_type(STD)_GS{Rob2BCA-WPWU}_State{Raw}_0degrees_flat (1).png
2.0,Nicole,6.4.2026,STD,Rob2BCA-WPWU,,flat,data_new\2\{Leveling-2}P{Nicole}_D{6.4.2026}_type(STD)_GS{Rob2BCA-WPWU}_State{Raw}_0degrees_flat.png
2.0,Nicole,6.5.2026,STD,Rob2BCA-WPWU,,raw,data_new\2\{Leveling-2}P{Nicole}_D{6.5.2026}_type(STD)_GS{Rob2BCA-WPWU}_State{Raw}_0degrees (1).png
2.0,Nicole,6.5.2026,STD,Rob2BCA-WPWU,,raw,data_new\2\{Leveling-2}P{Nicole}_D{6.5.2026}_type(STD)_GS{Rob2BCA-WPWU}_State{Raw}_0degrees.png
2.0,Nicole,6.5.2026,STD,Rob2BCA-WPWU,,flat,data_new\2\{Leveling-2}P{Nicole}_D{6.5.2026}_type(STD)_GS{Rob2BCA-WPWU}_State{Raw}_0degrees_flat (1).png
2.0,Nicole,6.5.2026,STD,Rob2BCA-WPWU,,flat,data_new\2\{Leveling-2}P{Nicole}_D{6.5.2026}_type(STD)_GS{Rob2BCA-WPWU}_State{Raw}_0degrees_flat.png
2.0,Nicole,6.5.2026,STD,Rob2BDR-9F02,,raw,data_new\2\{Leveling-2}P{Nicole}_D{6.5.2026}_type(STD)_GS{Rob2BDR-9F02}_State{Raw}_0degrees (1).png
2.0,Nicole,6.5.2026,STD,Rob2BDR-9F02,,raw,data_new\2\{Leveling-2}P{Nicole}_D{6.5.2026}_type(STD)_GS{Rob2BDR-9F02}_State{Raw}_0degrees.png
2.0,Nicole,6.5.2026,STD,Rob2BDR-9F02,,flat,data_new\2\{Leveling-2}P{Nicole}_D{6.5.2026}_type(STD)_GS{Rob2BDR-9F02}_State{Raw}_0degrees_flat (1).png
2.0,Nicole,6.5.2026,STD,Rob2BDR-9F02,,flat,data_new\2\{Leveling-2}P{Nicole}_D{6.5.2026}_type(STD)_GS{Rob2BDR-9F02}_State{Raw}_0degrees_flat.png
2.0,Nicole,6.8.2026,STD,Rob2BDR-9F02,,raw,data_new\2\{Leveling-2}P{Nicole}_D{6.8.2026}_type(STD)_GS{Rob2BDR-9F02}_State{Raw}_0degrees (2).png
2.0,Nicole,6.8.2026,STD,Rob2BDR-9F02,,raw,data_new\2\{Leveling-2}P{Nicole}_D{6.8.2026}_type(STD)_GS{Rob2BDR-9F02}_State{Raw}_0degrees (3).png
2.0,Nicole,6.8.2026,STD,Rob2BDR-9F02,,flat,data_new\2\{Leveling-2}P{Nicole}_D{6.8.2026}_type(STD)_GS{Rob2BDR-9F02}_State{Raw}_0degrees_flat (2).png
2.0,Nicole,6.8.2026,STD,Rob2BDR-9F02,,flat,data_new\2\{Leveling-2}P{Nicole}_D{6.8.2026}_type(STD)_GS{Rob2BDR-9F02}_State{Raw}_0degrees_flat (3).png
2.0,Pride,6.4.2026,STD,Rob2BCA-WPWU,,raw,data_new\2\{Leveling-2}P{Pride}_D{6.4.2026}_type(STD)_GS{Rob2BCA-WPWU}_State{Raw}_0degrees (1).png
2.0,Pride,6.4.2026,STD,Rob2BCA-WPWU,,raw,data_new\2\{Leveling-2}P{Pride}_D{6.4.2026}_type(STD)_GS{Rob2BCA-WPWU}_State{Raw}_0degrees.png
2.0,Pride,6.4.2026,STD,Rob2BCA-WPWU,,flat,data_new\2\{Leveling-2}P{Pride}_D{6.4.2026}_type(STD)_GS{Rob2BCA-WPWU}_State{Raw}_0degrees_flat (1).png
2.0,Pride,6.4.2026,STD,Rob2BCA-WPWU,,flat,data_new\2\{Leveling-2}P{Pride}_D{6.4.2026}_type(STD)_GS{Rob2BCA-WPWU}_State{Raw}_0degrees_flat.png
3.0,Chase,6.2.2026,STD,Rob2BCA-WPWU,,flat,data_new\3\{Leveling-3}P{Chase}_D{6.2.2026}_type(STD)_GS{Rob2BCA-WPWU}_State{FLAT}_0degrees_flat (1).png
3.0,Chase,6.2.2026,STD,Rob2BCA-WPWU,,flat,data_new\3\{Leveling-3}P{Chase}_D{6.2.2026}_type(STD)_GS{Rob2BCA-WPWU}_State{FLAT}_0degrees_flat.png
3.0,Chase,6.2.2026,STD,Rob2BCA-WPWU,,raw,data_new\3\{Leveling-3}P{Chase}_D{6.2.2026}_type(STD)_GS{Rob2BCA-WPWU}_State{Raw}_0degrees (1).png
3.0,Chase,6.2.2026,STD,Rob2BCA-WPWU,,raw,data_new\3\{Leveling-3}P{Chase}_D{6.2.2026}_type(STD)_GS{Rob2BCA-WPWU}_State{Raw}_0degrees.png
3.0,Chase,6.3.2026,STD,Rob2BCA-WPWU,,raw,data_new\3\{Leveling-3}P{Chase}_D{6.3.2026}_type(STD)_GS{Rob2BCA-WPWU}_State{Raw}_0degrees (1).png
3.0,Chase,6.3.2026,STD,Rob2BCA-WPWU,,raw,data_new\3\{Leveling-3}P{Chase}_D{6.3.2026}_type(STD)_GS{Rob2BCA-WPWU}_State{Raw}_0degrees.png
3.0,Chase,6.3.2026,STD,Rob2BCA-WPWU,,flat,data_new\3\{Leveling-3}P{Chase}_D{6.3.2026}_type(STD)_GS{Rob2BCA-WPWU}_State{Raw}_0degrees_flat (1).png
3.0,Chase,6.3.2026,STD,Rob2BCA-WPWU,,flat,data_new\3\{Leveling-3}P{Chase}_D{6.3.2026}_type(STD)_GS{Rob2BCA-WPWU}_State{Raw}_0degrees_flat.png
3.0,Chase,6.5.2026,STD,Rob2BDR-9F02,,raw,data_new\3\{Leveling-3}P{Chase}_D{6.5.2026}_type(STD)_GS{Rob2BDR-9F02}_State{Raw}_0degrees (1).png
3.0,Chase,6.5.2026,STD,Rob2BDR-9F02,,raw,data_new\3\{Leveling-3}P{Chase}_D{6.5.2026}_type(STD)_GS{Rob2BDR-9F02}_State{Raw}_0degrees.png
3.0,Chase,6.5.2026,STD,Rob2BDR-9F02,,flat,data_new\3\{Leveling-3}P{Chase}_D{6.5.2026}_type(STD)_GS{Rob2BDR-9F02}_State{Raw}_0degrees_flat (1).png
3.0,Chase,6.5.2026,STD,Rob2BDR-9F02,,flat,data_new\3\{Leveling-3}P{Chase}_D{6.5.2026}_type(STD)_GS{Rob2BDR-9F02}_State{Raw}_0degrees_flat.png
3.0,David,6.4.2026,STD,Rob2BCA-WPWU,,raw,data_new\3\{Leveling-3}P{David}_D{6.4.2026}_type(STD)_GS{Rob2BCA-WPWU}_State{Raw}_0degrees (1).png
3.0,David,6.4.2026,STD,Rob2BCA-WPWU,,raw,data_new\3\{Leveling-3}P{David}_D{6.4.2026}_type(STD)_GS{Rob2BCA-WPWU}_State{Raw}_0degrees.png
3.0,David,6.4.2026,STD,Rob2BCA-WPWU,,flat,data_new\3\{Leveling-3}P{David}_D{6.4.2026}_type(STD)_GS{Rob2BCA-WPWU}_State{Raw}_0degrees_flat (1).png
3.0,David,6.4.2026,STD,Rob2BCA-WPWU,,flat,data_new\3\{Leveling-3}P{David}_D{6.4.2026}_type(STD)_GS{Rob2BCA-WPWU}_State{Raw}_0degrees_flat.png
3.0,David,6.5.2026,STD,Rob2BCA-WPWU,,raw,data_new\3\{Leveling-3}P{David}_D{6.5.2026}_type(STD)_GS{Rob2BCA-WPWU}_State{Raw}_0degrees (1).png
3.0,David,6.5.2026,STD,Rob2BCA-WPWU,,raw,data_new\3\{Leveling-3}P{David}_D{6.5.2026}_type(STD)_GS{Rob2BCA-WPWU}_State{Raw}_0degrees.png
3.0,David,6.5.2026,STD,Rob2BCA-WPWU,,flat,data_new\3\{Leveling-3}P{David}_D{6.5.2026}_type(STD)_GS{Rob2BCA-WPWU}_State{Raw}_0degrees_flat (1).png
3.0,David,6.5.2026,STD,Rob2BCA-WPWU,,flat,data_new\3\{Leveling-3}P{David}_D{6.5.2026}_type(STD)_GS{Rob2BCA-WPWU}_State{Raw}_0degrees_flat.png
3.0,David,6.5.2026,STD,Rob2BDR-9F0Z,,raw,data_new\3\{Leveling-3}P{David}_D{6.5.2026}_type(STD)_GS{Rob2BDR-9F0Z}_State{Raw}_0degrees (1).png
3.0,David,6.5.2026,STD,Rob2BDR-9F0Z,,raw,data_new\3\{Leveling-3}P{David}_D{6.5.2026}_type(STD)_GS{Rob2BDR-9F0Z}_State{Raw}_0degrees.png
3.0,David,6.5.2026,STD,Rob2BDR-9F0Z,,flat,data_new\3\{Leveling-3}P{David}_D{6.5.2026}_type(STD)_GS{Rob2BDR-9F0Z}_State{Raw}_0degrees_flat (1).png
3.0,David,6.5.2026,STD,Rob2BDR-9F0Z,,flat,data_new\3\{Leveling-3}P{David}_D{6.5.2026}_type(STD)_GS{Rob2BDR-9F0Z}_State{Raw}_0degrees_flat.png
3.0,David,6.8.2026,STD,Rob2BDR-9F02,,raw,data_new\3\{Leveling-3}P{David}_D{6.8.2026}_type(STD)_GS{Rob2BDR-9F02}_State{Raw}_0degrees (1).png
3.0,David,6.8.2026,STD,Rob2BDR-9F02,,raw,data_new\3\{Leveling-3}P{David}_D{6.8.2026}_type(STD)_GS{Rob2BDR-9F02}_State{Raw}_0degrees.png
3.0,David,6.8.2026,STD,Rob2BDR-9F02,,flat,data_new\3\{Leveling-3}P{David}_D{6.8.2026}_type(STD)_GS{Rob2BDR-9F02}_State{Raw}_0degrees_flat (1).png
3.0,David,6.8.2026,STD,Rob2BDR-9F02,,flat,data_new\3\{Leveling-3}P{David}_D{6.8.2026}_type(STD)_GS{Rob2BDR-9F02}_State{Raw}_0degrees_flat.png
3.0,Nicole,6.4.2026,STD,Rob2BCA-WPWU,,raw,data_new\3\{Leveling-3}P{Nicole}_D{6.4.2026}_type(STD)_GS{Rob2BCA-WPWU}_State{Raw}_0degrees (1).png
3.0,Nicole,6.4.2026,STD,Rob2BCA-WPWU,,raw,data_new\3\{Leveling-3}P{Nicole}_D{6.4.2026}_type(STD)_GS{Rob2BCA-WPWU}_State{Raw}_0degrees.png
3.0,Nicole,6.4.2026,STD,Rob2BCA-WPWU,,flat,data_new\3\{Leveling-3}P{Nicole}_D{6.4.2026}_type(STD)_GS{Rob2BCA-WPWU}_State{Raw}_0degrees_flat (1).png
3.0,Nicole,6.4.2026,STD,Rob2BCA-WPWU,,flat,data_new\3\{Leveling-3}P{Nicole}_D{6.4.2026}_type(STD)_GS{Rob2BCA-WPWU}_State{Raw}_0degrees_flat.png
3.0,Nicole,6.5.2026,STD,Rob2BCA-WPWU,,raw,data_new\3\{Leveling-3}P{Nicole}_D{6.5.2026}_type(STD)_GS{Rob2BCA-WPWU}_State{Raw}_0degrees (1).png
3.0,Nicole,6.5.2026,STD,Rob2BCA-WPWU,,raw,data_new\3\{Leveling-3}P{Nicole}_D{6.5.2026}_type(STD)_GS{Rob2BCA-WPWU}_State{Raw}_0degrees.png
3.0,Nicole,6.5.2026,STD,Rob2BCA-WPWU,,flat,data_new\3\{Leveling-3}P{Nicole}_D{6.5.2026}_type(STD)_GS{Rob2BCA-WPWU}_State{Raw}_0degrees_flat (1).png
3.0,Nicole,6.5.2026,STD,Rob2BCA-WPWU,,flat,data_new\3\{Leveling-3}P{Nicole}_D{6.5.2026}_type(STD)_GS{Rob2BCA-WPWU}_State{Raw}_0degrees_flat.png
3.0,Nicole,6.5.2026,STD,Rob2BDR-9F02,,raw,data_new\3\{Leveling-3}P{Nicole}_D{6.5.2026}_type(STD)_GS{Rob2BDR-9F02}_State{Raw}_0degrees (1).png
3.0,Nicole,6.5.2026,STD,Rob2BDR-9F02,,raw,data_new\3\{Leveling-3}P{Nicole}_D{6.5.2026}_type(STD)_GS{Rob2BDR-9F02}_State{Raw}_0degrees.png
3.0,Nicole,6.5.2026,STD,Rob2BDR-9F02,,flat,data_new\3\{Leveling-3}P{Nicole}_D{6.5.2026}_type(STD)_GS{Rob2BDR-9F02}_State{Raw}_0degrees_flat (1).png
3.0,Nicole,6.5.2026,STD,Rob2BDR-9F02,,flat,data_new\3\{Leveling-3}P{Nicole}_D{6.5.2026}_type(STD)_GS{Rob2BDR-9F02}_State{Raw}_0degrees_flat.png
3.0,Nicole,6.8.2026,STD,Rob2BDR-9F02,,raw,data_new\3\{Leveling-3}P{Nicole}_D{6.8.2026}_type(STD)_GS{Rob2BDR-9F02}_State{Raw}_0degrees (2).png
3.0,Nicole,6.8.2026,STD,Rob2BDR-9F02,,raw,data_new\3\{Leveling-3}P{Nicole}_D{6.8.2026}_type(STD)_GS{Rob2BDR-9F02}_State{Raw}_0degrees (3).png
3.0,Nicole,6.8.2026,STD,Rob2BDR-9F02,,flat,data_new\3\{Leveling-3}P{Nicole}_D{6.8.2026}_type(STD)_GS{Rob2BDR-9F02}_State{Raw}_0degrees_flat (2).png
3.0,Nicole,6.8.2026,STD,Rob2BDR-9F02,,flat,data_new\3\{Leveling-3}P{Nicole}_D{6.8.2026}_type(STD)_GS{Rob2BDR-9F02}_State{Raw}_0degrees_flat (3).png
3.0,Pride,6.4.2026,STD,Rob2BCA-WPWU,,raw,data_new\3\{Leveling-3}P{Pride}_D{6.4.2026}_type(STD)_GS{Rob2BCA-WPWU}_State{Raw}_0degrees (1).png
3.0,Pride,6.4.2026,STD,Rob2BCA-WPWU,,raw,data_new\3\{Leveling-3}P{Pride}_D{6.4.2026}_type(STD)_GS{Rob2BCA-WPWU}_State{Raw}_0degrees.png
3.0,Pride,6.4.2026,STD,Rob2BCA-WPWU,,flat,data_new\3\{Leveling-3}P{Pride}_D{6.4.2026}_type(STD)_GS{Rob2BCA-WPWU}_State{Raw}_0degrees_flat (1).png
3.0,Pride,6.4.2026,STD,Rob2BCA-WPWU,,flat,data_new\3\{Leveling-3}P{Pride}_D{6.4.2026}_type(STD)_GS{Rob2BCA-WPWU}_State{Raw}_0degrees_flat.png
4.0,Chase,6.2.2026,STD,Rob2BCA-WPWU,,flat,data_new\4\{Leveling-4}P{Chase}_D{6.2.2026}_type(STD)_GS{Rob2BCA-WPWU}_State{FLAT}_0degrees_flat (1).png
4.0,Chase,6.2.2026,STD,Rob2BCA-WPWU,,flat,data_new\4\{Leveling-4}P{Chase}_D{6.2.2026}_type(STD)_GS{Rob2BCA-WPWU}_State{FLAT}_0degrees_flat.png
4.0,Chase,6.2.2026,STD,Rob2BCA-WPWU,,raw,data_new\4\{Leveling-4}P{Chase}_D{6.2.2026}_type(STD)_GS{Rob2BCA-WPWU}_State{Raw}_0degrees (1).png
4.0,Chase,6.2.2026,STD,Rob2BCA-WPWU,,raw,data_new\4\{Leveling-4}P{Chase}_D{6.2.2026}_type(STD)_GS{Rob2BCA-WPWU}_State{Raw}_0degrees.png
4.0,Chase,6.3.2026,STD,Rob2BCA-WPWU,,raw,data_new\4\{Leveling-4}P{Chase}_D{6.3.2026}_type(STD)_GS{Rob2BCA-WPWU}_State{Raw}_0degrees.png
4.0,Chase,6.3.2026,STD,Rob2BCA-WPWU,,flat,data_new\4\{Leveling-4}P{Chase}_D{6.3.2026}_type(STD)_GS{Rob2BCA-WPWU}_State{Raw}_0degrees_flat.png
4.0,Chase,6.5.2026,STD,Rob2BDR-9F02,,raw,data_new\4\{Leveling-4}P{Chase}_D{6.5.2026}_type(STD)_GS{Rob2BDR-9F02}_State{Raw}_0degrees (1).png
4.0,Chase,6.5.2026,STD,Rob2BDR-9F02,,raw,data_new\4\{Leveling-4}P{Chase}_D{6.5.2026}_type(STD)_GS{Rob2BDR-9F02}_State{Raw}_0degrees.png
4.0,Chase,6.5.2026,STD,Rob2BDR-9F02,,flat,data_new\4\{Leveling-4}P{Chase}_D{6.5.2026}_type(STD)_GS{Rob2BDR-9F02}_State{Raw}_0degrees_flat (1).png
4.0,Chase,6.5.2026,STD,Rob2BDR-9F02,,flat,data_new\4\{Leveling-4}P{Chase}_D{6.5.2026}_type(STD)_GS{Rob2BDR-9F02}_State{Raw}_0degrees_flat.png
4.0,David,6.4.2026,STD,Rob2BCA-WPWU,,raw,data_new\4\{Leveling-4}P{David}_D{6.4.2026}_type(STD)_GS{Rob2BCA-WPWU}_State{Raw}_0degrees (1).png
4.0,David,6.4.2026,STD,Rob2BCA-WPWU,,raw,data_new\4\{Leveling-4}P{David}_D{6.4.2026}_type(STD)_GS{Rob2BCA-WPWU}_State{Raw}_0degrees.png
4.0,David,6.4.2026,STD,Rob2BCA-WPWU,,flat,data_new\4\{Leveling-4}P{David}_D{6.4.2026}_type(STD)_GS{Rob2BCA-WPWU}_State{Raw}_0degrees_flat (1).png
4.0,David,6.4.2026,STD,Rob2BCA-WPWU,,flat,data_new\4\{Leveling-4}P{David}_D{6.4.2026}_type(STD)_GS{Rob2BCA-WPWU}_State{Raw}_0degrees_flat.png
4.0,David,6.5.2026,STD,Rob2BCA-WPWU,,raw,data_new\4\{Leveling-4}P{David}_D{6.5.2026}_type(STD)_GS{Rob2BCA-WPWU}_State{Raw}_0degrees (1).png
4.0,David,6.5.2026,STD,Rob2BCA-WPWU,,raw,data_new\4\{Leveling-4}P{David}_D{6.5.2026}_type(STD)_GS{Rob2BCA-WPWU}_State{Raw}_0degrees.png
4.0,David,6.5.2026,STD,Rob2BCA-WPWU,,flat,data_new\4\{Leveling-4}P{David}_D{6.5.2026}_type(STD)_GS{Rob2BCA-WPWU}_State{Raw}_0degrees_flat (1).png
4.0,David,6.5.2026,STD,Rob2BCA-WPWU,,flat,data_new\4\{Leveling-4}P{David}_D{6.5.2026}_type(STD)_GS{Rob2BCA-WPWU}_State{Raw}_0degrees_flat.png
4.0,David,6.5.2026,STD,Rob2BDR-9F0Z,,raw,data_new\4\{Leveling-4}P{David}_D{6.5.2026}_type(STD)_GS{Rob2BDR-9F0Z}_State{Raw}_0degrees (1).png
4.0,David,6.5.2026,STD,Rob2BDR-9F0Z,,raw,data_new\4\{Leveling-4}P{David}_D{6.5.2026}_type(STD)_GS{Rob2BDR-9F0Z}_State{Raw}_0degrees.png
4.0,David,6.5.2026,STD,Rob2BDR-9F0Z,,flat,data_new\4\{Leveling-4}P{David}_D{6.5.2026}_type(STD)_GS{Rob2BDR-9F0Z}_State{Raw}_0degrees_flat (1).png
4.0,David,6.5.2026,STD,Rob2BDR-9F0Z,,flat,data_new\4\{Leveling-4}P{David}_D{6.5.2026}_type(STD)_GS{Rob2BDR-9F0Z}_State{Raw}_0degrees_flat.png
4.0,David,6.8.2026,STD,Rob2BDR-9F02,,raw,data_new\4\{Leveling-4}P{David}_D{6.8.2026}_type(STD)_GS{Rob2BDR-9F02}_State{Raw}_0degrees (1).png
4.0,David,6.8.2026,STD,Rob2BDR-9F02,,raw,data_new\4\{Leveling-4}P{David}_D{6.8.2026}_type(STD)_GS{Rob2BDR-9F02}_State{Raw}_0degrees.png
4.0,David,6.8.2026,STD,Rob2BDR-9F02,,flat,data_new\4\{Leveling-4}P{David}_D{6.8.2026}_type(STD)_GS{Rob2BDR-9F02}_State{Raw}_0degrees_flat (1).png
4.0,David,6.8.2026,STD,Rob2BDR-9F02,,flat,data_new\4\{Leveling-4}P{David}_D{6.8.2026}_type(STD)_GS{Rob2BDR-9F02}_State{Raw}_0degrees_flat.png
4.0,Nicole,6.4.2026,STD,Rob2BCA-WPWU,,raw,data_new\4\{Leveling-4}P{Nicole}_D{6.4.2026}_type(STD)_GS{Rob2BCA-WPWU}_State{Raw}_0degrees (1).png
4.0,Nicole,6.4.2026,STD,Rob2BCA-WPWU,,raw,data_new\4\{Leveling-4}P{Nicole}_D{6.4.2026}_type(STD)_GS{Rob2BCA-WPWU}_State{Raw}_0degrees.png
4.0,Nicole,6.4.2026,STD,Rob2BCA-WPWU,,flat,data_new\4\{Leveling-4}P{Nicole}_D{6.4.2026}_type(STD)_GS{Rob2BCA-WPWU}_State{Raw}_0degrees_flat (1).png
4.0,Nicole,6.4.2026,STD,Rob2BCA-WPWU,,flat,data_new\4\{Leveling-4}P{Nicole}_D{6.4.2026}_type(STD)_GS{Rob2BCA-WPWU}_State{Raw}_0degrees_flat.png
4.0,Nicole,6.5.2026,STD,Rob2BCA-WPWU,,raw,data_new\4\{Leveling-4}P{Nicole}_D{6.5.2026}_type(STD)_GS{Rob2BCA-WPWU}_State{Raw}_0degrees (1).png
4.0,Nicole,6.5.2026,STD,Rob2BCA-WPWU,,raw,data_new\4\{Leveling-4}P{Nicole}_D{6.5.2026}_type(STD)_GS{Rob2BCA-WPWU}_State{Raw}_0degrees.png
4.0,Nicole,6.5.2026,STD,Rob2BCA-WPWU,,flat,data_new\4\{Leveling-4}P{Nicole}_D{6.5.2026}_type(STD)_GS{Rob2BCA-WPWU}_State{Raw}_0degrees_flat (1).png
4.0,Nicole,6.5.2026,STD,Rob2BCA-WPWU,,flat,data_new\4\{Leveling-4}P{Nicole}_D{6.5.2026}_type(STD)_GS{Rob2BCA-WPWU}_State{Raw}_0degrees_flat.png
4.0,Nicole,6.5.2026,STD,Rob2BDR-9F02,,raw,data_new\4\{Leveling-4}P{Nicole}_D{6.5.2026}_type(STD)_GS{Rob2BDR-9F02}_State{Raw}_0degrees (1).png
4.0,Nicole,6.5.2026,STD,Rob2BDR-9F02,,raw,data_new\4\{Leveling-4}P{Nicole}_D{6.5.2026}_type(STD)_GS{Rob2BDR-9F02}_State{Raw}_0degrees.png
4.0,Nicole,6.5.2026,STD,Rob2BDR-9F02,,flat,data_new\4\{Leveling-4}P{Nicole}_D{6.5.2026}_type(STD)_GS{Rob2BDR-9F02}_State{Raw}_0degrees_flat (1).png
4.0,Nicole,6.5.2026,STD,Rob2BDR-9F02,,flat,data_new\4\{Leveling-4}P{Nicole}_D{6.5.2026}_type(STD)_GS{Rob2BDR-9F02}_State{Raw}_0degrees_flat.png
4.0,Nicole,6.8.2026,STD,Rob2BDR-9F02,,raw,data_new\4\{Leveling-4}P{Nicole}_D{6.8.2026}_type(STD)_GS{Rob2BDR-9F02}_State{Raw}_0degrees (2).png
4.0,Nicole,6.8.2026,STD,Rob2BDR-9F02,,raw,data_new\4\{Leveling-4}P{Nicole}_D{6.8.2026}_type(STD)_GS{Rob2BDR-9F02}_State{Raw}_0degrees (3).png
4.0,Nicole,6.8.2026,STD,Rob2BDR-9F02,,flat,data_new\4\{Leveling-4}P{Nicole}_D{6.8.2026}_type(STD)_GS{Rob2BDR-9F02}_State{Raw}_0degrees_flat (2).png
4.0,Nicole,6.8.2026,STD,Rob2BDR-9F02,,flat,data_new\4\{Leveling-4}P{Nicole}_D{6.8.2026}_type(STD)_GS{Rob2BDR-9F02}_State{Raw}_0degrees_flat (3).png
4.0,Pride,6.4.2026,STD,Rob2BCA-WPWU,,raw,data_new\4\{Leveling-4}P{Pride}_D{6.4.2026}_type(STD)_GS{Rob2BCA-WPWU}_State{Raw}_0degrees (1).png
4.0,Pride,6.4.2026,STD,Rob2BCA-WPWU,,raw,data_new\4\{Leveling-4}P{Pride}_D{6.4.2026}_type(STD)_GS{Rob2BCA-WPWU}_State{Raw}_0degrees.png
4.0,Pride,6.4.2026,STD,Rob2BCA-WPWU,,flat,data_new\4\{Leveling-4}P{Pride}_D{6.4.2026}_type(STD)_GS{Rob2BCA-WPWU}_State{Raw}_0degrees_flat (1).png
4.0,Pride,6.4.2026,STD,Rob2BCA-WPWU,,flat,data_new\4\{Leveling-4}P{Pride}_D{6.4.2026}_type(STD)_GS{Rob2BCA-WPWU}_State{Raw}_0degrees_flat.png
5.0,Chase,6.2.2026,STD,Rob23CX-WPUA,,raw,data_new\5\{Leveling-5}P{Chase}_D{6.2.2026}_type(STD)_GS{Rob23CX-WPUA}_State{Raw}_0degrees (1).png
5.0,Chase,6.2.2026,STD,Rob23CX-WPUA,,raw,data_new\5\{Leveling-5}P{Chase}_D{6.2.2026}_type(STD)_GS{Rob23CX-WPUA}_State{Raw}_0degrees.png
5.0,Chase,6.2.2026,STD,Rob23CX-WPUA,,flat,data_new\5\{Leveling-5}P{Chase}_D{6.2.2026}_type(STD)_GS{Rob23CX-WPUA}_State{Raw}_0degrees_flat (1).png
5.0,Chase,6.2.2026,STD,Rob23CX-WPUA,,flat,data_new\5\{Leveling-5}P{Chase}_D{6.2.2026}_type(STD)_GS{Rob23CX-WPUA}_State{Raw}_0degrees_flat.png
5.0,Chase,6.3.2026,STD,Rob2BCA-WPWU,,raw,data_new\5\{Leveling-5}P{Chase}_D{6.3.2026}_type(STD)_GS{Rob2BCA-WPWU}_State{Raw}_0degrees.png
5.0,Chase,6.3.2026,STD,Rob2BCA-WPWU,,flat,data_new\5\{Leveling-5}P{Chase}_D{6.3.2026}_type(STD)_GS{Rob2BCA-WPWU}_State{Raw}_0degrees_flat.png
5.0,Chase,6.5.2026,STD,Rob2BDR-9F02,,raw,data_new\5\{Leveling-5}P{Chase}_D{6.5.2026}_type(STD)_GS{Rob2BDR-9F02}_State{Raw}_0degrees (1).png
5.0,Chase,6.5.2026,STD,Rob2BDR-9F02,,raw,data_new\5\{Leveling-5}P{Chase}_D{6.5.2026}_type(STD)_GS{Rob2BDR-9F02}_State{Raw}_0degrees.png
5.0,Chase,6.5.2026,STD,Rob2BDR-9F02,,flat,data_new\5\{Leveling-5}P{Chase}_D{6.5.2026}_type(STD)_GS{Rob2BDR-9F02}_State{Raw}_0degrees_flat (1).png
5.0,Chase,6.5.2026,STD,Rob2BDR-9F02,,flat,data_new\5\{Leveling-5}P{Chase}_D{6.5.2026}_type(STD)_GS{Rob2BDR-9F02}_State{Raw}_0degrees_flat.png
5.0,David,6.4.2026,STD,Rob2BCA-WPWU,,raw,data_new\5\{Leveling-5}P{David}_D{6.4.2026}_type(STD)_GS{Rob2BCA-WPWU}_State{Raw}_0degrees (1).png
5.0,David,6.4.2026,STD,Rob2BCA-WPWU,,raw,data_new\5\{Leveling-5}P{David}_D{6.4.2026}_type(STD)_GS{Rob2BCA-WPWU}_State{Raw}_0degrees.png
5.0,David,6.4.2026,STD,Rob2BCA-WPWU,,flat,data_new\5\{Leveling-5}P{David}_D{6.4.2026}_type(STD)_GS{Rob2BCA-WPWU}_State{Raw}_0degrees_flat (1).png
5.0,David,6.4.2026,STD,Rob2BCA-WPWU,,flat,data_new\5\{Leveling-5}P{David}_D{6.4.2026}_type(STD)_GS{Rob2BCA-WPWU}_State{Raw}_0degrees_flat.png
5.0,David,6.5.2026,STD,Rob2BCA-WPWU,,raw,data_new\5\{Leveling-5}P{David}_D{6.5.2026}_type(STD)_GS{Rob2BCA-WPWU}_State{Raw}_0degrees (1).png
5.0,David,6.5.2026,STD,Rob2BCA-WPWU,,raw,data_new\5\{Leveling-5}P{David}_D{6.5.2026}_type(STD)_GS{Rob2BCA-WPWU}_State{Raw}_0degrees.png
5.0,David,6.5.2026,STD,Rob2BCA-WPWU,,flat,data_new\5\{Leveling-5}P{David}_D{6.5.2026}_type(STD)_GS{Rob2BCA-WPWU}_State{Raw}_0degrees_flat (1).png
5.0,David,6.5.2026,STD,Rob2BCA-WPWU,,flat,data_new\5\{Leveling-5}P{David}_D{6.5.2026}_type(STD)_GS{Rob2BCA-WPWU}_State{Raw}_0degrees_flat.png
5.0,David,6.5.2026,STD,Rob2BDR-9F0Z,,raw,data_new\5\{Leveling-5}P{David}_D{6.5.2026}_type(STD)_GS{Rob2BDR-9F0Z}_State{Raw}_0degrees (1).png
5.0,David,6.5.2026,STD,Rob2BDR-9F0Z,,raw,data_new\5\{Leveling-5}P{David}_D{6.5.2026}_type(STD)_GS{Rob2BDR-9F0Z}_State{Raw}_0degrees.png
5.0,David,6.5.2026,STD,Rob2BDR-9F0Z,,flat,data_new\5\{Leveling-5}P{David}_D{6.5.2026}_type(STD)_GS{Rob2BDR-9F0Z}_State{Raw}_0degrees_flat (1).png
5.0,David,6.5.2026,STD,Rob2BDR-9F0Z,,flat,data_new\5\{Leveling-5}P{David}_D{6.5.2026}_type(STD)_GS{Rob2BDR-9F0Z}_State{Raw}_0degrees_flat.png
5.0,David,6.8.2026,STD,Rob2BDR-9F02,,raw,data_new\5\{Leveling-5}P{David}_D{6.8.2026}_type(STD)_GS{Rob2BDR-9F02}_State{Raw}_0degrees (1).png
5.0,David,6.8.2026,STD,Rob2BDR-9F02,,raw,data_new\5\{Leveling-5}P{David}_D{6.8.2026}_type(STD)_GS{Rob2BDR-9F02}_State{Raw}_0degrees.png
5.0,David,6.8.2026,STD,Rob2BDR-9F02,,flat,data_new\5\{Leveling-5}P{David}_D{6.8.2026}_type(STD)_GS{Rob2BDR-9F02}_State{Raw}_0degrees_flat (1).png
5.0,David,6.8.2026,STD,Rob2BDR-9F02,,flat,data_new\5\{Leveling-5}P{David}_D{6.8.2026}_type(STD)_GS{Rob2BDR-9F02}_State{Raw}_0degrees_flat.png
5.0,Nicole,6.4.2026,STD,Rob2BCA-WPWU,,raw,data_new\5\{Leveling-5}P{Nicole}_D{6.4.2026}_type(STD)_GS{Rob2BCA-WPWU}_State{Raw}_0degrees (1).png
5.0,Nicole,6.4.2026,STD,Rob2BCA-WPWU,,raw,data_new\5\{Leveling-5}P{Nicole}_D{6.4.2026}_type(STD)_GS{Rob2BCA-WPWU}_State{Raw}_0degrees.png
5.0,Nicole,6.4.2026,STD,Rob2BCA-WPWU,,flat,data_new\5\{Leveling-5}P{Nicole}_D{6.4.2026}_type(STD)_GS{Rob2BCA-WPWU}_State{Raw}_0degrees_flat (1).png
5.0,Nicole,6.4.2026,STD,Rob2BCA-WPWU,,flat,data_new\5\{Leveling-5}P{Nicole}_D{6.4.2026}_type(STD)_GS{Rob2BCA-WPWU}_State{Raw}_0degrees_flat.png
5.0,Nicole,6.5.2026,STD,Rob2BCA-WPWU,,raw,data_new\5\{Leveling-5}P{Nicole}_D{6.5.2026}_type(STD)_GS{Rob2BCA-WPWU}_State{Raw}_0degrees (1).png
5.0,Nicole,6.5.2026,STD,Rob2BCA-WPWU,,raw,data_new\5\{Leveling-5}P{Nicole}_D{6.5.2026}_type(STD)_GS{Rob2BCA-WPWU}_State{Raw}_0degrees.png
5.0,Nicole,6.5.2026,STD,Rob2BCA-WPWU,,flat,data_new\5\{Leveling-5}P{Nicole}_D{6.5.2026}_type(STD)_GS{Rob2BCA-WPWU}_State{Raw}_0degrees_flat (1).png
5.0,Nicole,6.5.2026,STD,Rob2BCA-WPWU,,flat,data_new\5\{Leveling-5}P{Nicole}_D{6.5.2026}_type(STD)_GS{Rob2BCA-WPWU}_State{Raw}_0degrees_flat.png
5.0,Nicole,6.5.2026,STD,Rob2BDR-9F02,,raw,data_new\5\{Leveling-5}P{Nicole}_D{6.5.2026}_type(STD)_GS{Rob2BDR-9F02}_State{Raw}_0degrees (1).png
5.0,Nicole,6.5.2026,STD,Rob2BDR-9F02,,raw,data_new\5\{Leveling-5}P{Nicole}_D{6.5.2026}_type(STD)_GS{Rob2BDR-9F02}_State{Raw}_0degrees.png
5.0,Nicole,6.5.2026,STD,Rob2BDR-9F02,,flat,data_new\5\{Leveling-5}P{Nicole}_D{6.5.2026}_type(STD)_GS{Rob2BDR-9F02}_State{Raw}_0degrees_flat (1).png
5.0,Nicole,6.5.2026,STD,Rob2BDR-9F02,,flat,data_new\5\{Leveling-5}P{Nicole}_D{6.5.2026}_type(STD)_GS{Rob2BDR-9F02}_State{Raw}_0degrees_flat.png
5.0,Nicole,6.8.2026,STD,Rob2BDR-9F02,,raw,data_new\5\{Leveling-5}P{Nicole}_D{6.8.2026}_type(STD)_GS{Rob2BDR-9F02}_State{Raw}_0degrees (2).png
5.0,Nicole,6.8.2026,STD,Rob2BDR-9F02,,raw,data_new\5\{Leveling-5}P{Nicole}_D{6.8.2026}_type(STD)_GS{Rob2BDR-9F02}_State{Raw}_0degrees (3).png
5.0,Nicole,6.8.2026,STD,Rob2BDR-9F02,,flat,data_new\5\{Leveling-5}P{Nicole}_D{6.8.2026}_type(STD)_GS{Rob2BDR-9F02}_State{Raw}_0degrees_flat (2).png
5.0,Nicole,6.8.2026,STD,Rob2BDR-9F02,,flat,data_new\5\{Leveling-5}P{Nicole}_D{6.8.2026}_type(STD)_GS{Rob2BDR-9F02}_State{Raw}_0degrees_flat (3).png
5.0,Pride,6.4.2026,STD,Rob2BCA-WPWU,,raw,data_new\5\{Leveling-5}P{Pride}_D{6.4.2026}_type(STD)_GS{Rob2BCA-WPWU}_State{Raw}_0degrees (2).png
5.0,Pride,6.4.2026,STD,Rob2BCA-WPWU,,raw,data_new\5\{Leveling-5}P{Pride}_D{6.4.2026}_type(STD)_GS{Rob2BCA-WPWU}_State{Raw}_0degrees.png
5.0,Pride,6.4.2026,STD,Rob2BCA-WPWU,,flat,data_new\5\{Leveling-5}P{Pride}_D{6.4.2026}_type(STD)_GS{Rob2BCA-WPWU}_State{Raw}_0degrees_flat (2).png
5.0,Pride,6.4.2026,STD,Rob2BCA-WPWU,,flat,data_new\5\{Leveling-5}P{Pride}_D{6.4.2026}_type(STD)_GS{Rob2BCA-WPWU}_State{Raw}_0degrees_flat.png
6.0,Chase,6.2.2026,STD,Rob23CX-WPUA,,raw,data_new\6\{Leveling-6}P{Chase}_D{6.2.2026}_type(STD)_GS{Rob23CX-WPUA}_State{Flat}_0degrees.png
6.0,Chase,6.2.2026,STD,Rob23CX-WPUA,,raw,data_new\6\{Leveling-6}P{Chase}_D{6.2.2026}_type(STD)_GS{Rob23CX-WPUA}_State{Raw}_0degrees (1).png
6.0,Chase,6.2.2026,STD,Rob23CX-WPUA,,raw,data_new\6\{Leveling-6}P{Chase}_D{6.2.2026}_type(STD)_GS{Rob23CX-WPUA}_State{Raw}_0degrees.png
6.0,Chase,6.2.2026,STD,Rob23CX-WPUA,,flat,data_new\6\{Leveling-6}P{Chase}_D{6.2.2026}_type(STD)_GS{Rob23CX-WPUA}_State{Raw}_0degrees_flat.png
6.0,Chase,6.3.2026,STD,Rob2BCA-WPWU,,raw,data_new\6\{Leveling-6}P{Chase}_D{6.3.2026}_type(STD)_GS{Rob2BCA-WPWU}_State{Raw}_0degrees (1).png
6.0,Chase,6.3.2026,STD,Rob2BCA-WPWU,,raw,data_new\6\{Leveling-6}P{Chase}_D{6.3.2026}_type(STD)_GS{Rob2BCA-WPWU}_State{Raw}_0degrees.png
6.0,Chase,6.3.2026,STD,Rob2BCA-WPWU,,flat,data_new\6\{Leveling-6}P{Chase}_D{6.3.2026}_type(STD)_GS{Rob2BCA-WPWU}_State{Raw}_0degrees_flat (1).png
6.0,Chase,6.3.2026,STD,Rob2BCA-WPWU,,flat,data_new\6\{Leveling-6}P{Chase}_D{6.3.2026}_type(STD)_GS{Rob2BCA-WPWU}_State{Raw}_0degrees_flat.png
6.0,Chase,6.5.2026,STD,Rob2BDR-9F02,,raw,data_new\6\{Leveling-6}P{Chase}_D{6.5.2026}_type(STD)_GS{Rob2BDR-9F02}_State{Raw}_0degrees (1).png
6.0,Chase,6.5.2026,STD,Rob2BDR-9F02,,raw,data_new\6\{Leveling-6}P{Chase}_D{6.5.2026}_type(STD)_GS{Rob2BDR-9F02}_State{Raw}_0degrees.png
6.0,Chase,6.5.2026,STD,Rob2BDR-9F02,,flat,data_new\6\{Leveling-6}P{Chase}_D{6.5.2026}_type(STD)_GS{Rob2BDR-9F02}_State{Raw}_0degrees_flat (1).png
6.0,Chase,6.5.2026,STD,Rob2BDR-9F02,,flat,data_new\6\{Leveling-6}P{Chase}_D{6.5.2026}_type(STD)_GS{Rob2BDR-9F02}_State{Raw}_0degrees_flat.png
6.0,David,6.4.2026,STD,Rob2BCA-WPWU,,raw,data_new\6\{Leveling-6}P{David}_D{6.4.2026}_type(STD)_GS{Rob2BCA-WPWU}_State{Raw}_0degrees (1).png
6.0,David,6.4.2026,STD,Rob2BCA-WPWU,,raw,data_new\6\{Leveling-6}P{David}_D{6.4.2026}_type(STD)_GS{Rob2BCA-WPWU}_State{Raw}_0degrees.png
6.0,David,6.4.2026,STD,Rob2BCA-WPWU,,flat,data_new\6\{Leveling-6}P{David}_D{6.4.2026}_type(STD)_GS{Rob2BCA-WPWU}_State{Raw}_0degrees_flat (1).png
6.0,David,6.4.2026,STD,Rob2BCA-WPWU,,flat,data_new\6\{Leveling-6}P{David}_D{6.4.2026}_type(STD)_GS{Rob2BCA-WPWU}_State{Raw}_0degrees_flat.png
6.0,David,6.5.2026,STD,Rob2BCA-WPWU,,raw,data_new\6\{Leveling-6}P{David}_D{6.5.2026}_type(STD)_GS{Rob2BCA-WPWU}_State{Raw}_0degrees (1).png
6.0,David,6.5.2026,STD,Rob2BCA-WPWU,,raw,data_new\6\{Leveling-6}P{David}_D{6.5.2026}_type(STD)_GS{Rob2BCA-WPWU}_State{Raw}_0degrees.png
6.0,David,6.5.2026,STD,Rob2BCA-WPWU,,flat,data_new\6\{Leveling-6}P{David}_D{6.5.2026}_type(STD)_GS{Rob2BCA-WPWU}_State{Raw}_0degrees_flat (1).png
6.0,David,6.5.2026,STD,Rob2BCA-WPWU,,flat,data_new\6\{Leveling-6}P{David}_D{6.5.2026}_type(STD)_GS{Rob2BCA-WPWU}_State{Raw}_0degrees_flat.png
6.0,David,6.5.2026,STD,Rob2BDR-9F0Z,,raw,data_new\6\{Leveling-6}P{David}_D{6.5.2026}_type(STD)_GS{Rob2BDR-9F0Z}_State{Raw}_0degrees (1).png
6.0,David,6.5.2026,STD,Rob2BDR-9F0Z,,raw,data_new\6\{Leveling-6}P{David}_D{6.5.2026}_type(STD)_GS{Rob2BDR-9F0Z}_State{Raw}_0degrees.png
6.0,David,6.5.2026,STD,Rob2BDR-9F0Z,,flat,data_new\6\{Leveling-6}P{David}_D{6.5.2026}_type(STD)_GS{Rob2BDR-9F0Z}_State{Raw}_0degrees_flat (1).png
6.0,David,6.5.2026,STD,Rob2BDR-9F0Z,,flat,data_new\6\{Leveling-6}P{David}_D{6.5.2026}_type(STD)_GS{Rob2BDR-9F0Z}_State{Raw}_0degrees_flat.png
6.0,David,6.8.2026,STD,Rob2BDR-9F02,,raw,data_new\6\{Leveling-6}P{David}_D{6.8.2026}_type(STD)_GS{Rob2BDR-9F02}_State{Raw}_0degrees (1).png
6.0,David,6.8.2026,STD,Rob2BDR-9F02,,raw,data_new\6\{Leveling-6}P{David}_D{6.8.2026}_type(STD)_GS{Rob2BDR-9F02}_State{Raw}_0degrees.png
6.0,David,6.8.2026,STD,Rob2BDR-9F02,,flat,data_new\6\{Leveling-6}P{David}_D{6.8.2026}_type(STD)_GS{Rob2BDR-9F02}_State{Raw}_0degrees_flat (1).png
6.0,David,6.8.2026,STD,Rob2BDR-9F02,,flat,data_new\6\{Leveling-6}P{David}_D{6.8.2026}_type(STD)_GS{Rob2BDR-9F02}_State{Raw}_0degrees_flat.png
6.0,Nicole,6.4.2026,STD,Rob2BCA-WPWU,,raw,data_new\6\{Leveling-6}P{Nicole}_D{6.4.2026}_type(STD)_GS{Rob2BCA-WPWU}_State{Raw}_0degrees (1).png
6.0,Nicole,6.4.2026,STD,Rob2BCA-WPWU,,raw,data_new\6\{Leveling-6}P{Nicole}_D{6.4.2026}_type(STD)_GS{Rob2BCA-WPWU}_State{Raw}_0degrees.png
6.0,Nicole,6.4.2026,STD,Rob2BCA-WPWU,,flat,data_new\6\{Leveling-6}P{Nicole}_D{6.4.2026}_type(STD)_GS{Rob2BCA-WPWU}_State{Raw}_0degrees_flat (1).png
6.0,Nicole,6.4.2026,STD,Rob2BCA-WPWU,,flat,data_new\6\{Leveling-6}P{Nicole}_D{6.4.2026}_type(STD)_GS{Rob2BCA-WPWU}_State{Raw}_0degrees_flat.png
6.0,Nicole,6.5.2026,STD,Rob2BCA-WPWU,,raw,data_new\6\{Leveling-6}P{Nicole}_D{6.5.2026}_type(STD)_GS{Rob2BCA-WPWU}_State{Raw}_0degrees (1).png
6.0,Nicole,6.5.2026,STD,Rob2BCA-WPWU,,raw,data_new\6\{Leveling-6}P{Nicole}_D{6.5.2026}_type(STD)_GS{Rob2BCA-WPWU}_State{Raw}_0degrees.png
6.0,Nicole,6.5.2026,STD,Rob2BCA-WPWU,,flat,data_new\6\{Leveling-6}P{Nicole}_D{6.5.2026}_type(STD)_GS{Rob2BCA-WPWU}_State{Raw}_0degrees_flat (1).png
6.0,Nicole,6.5.2026,STD,Rob2BCA-WPWU,,flat,data_new\6\{Leveling-6}P{Nicole}_D{6.5.2026}_type(STD)_GS{Rob2BCA-WPWU}_State{Raw}_0degrees_flat.png
6.0,Nicole,6.5.2026,STD,Rob2BDR-9F02,,raw,data_new\6\{Leveling-6}P{Nicole}_D{6.5.2026}_type(STD)_GS{Rob2BDR-9F02}_State{Raw}_0degrees (1).png
6.0,Nicole,6.5.2026,STD,Rob2BDR-9F02,,raw,data_new\6\{Leveling-6}P{Nicole}_D{6.5.2026}_type(STD)_GS{Rob2BDR-9F02}_State{Raw}_0degrees.png
6.0,Nicole,6.5.2026,STD,Rob2BDR-9F02,,flat,data_new\6\{Leveling-6}P{Nicole}_D{6.5.2026}_type(STD)_GS{Rob2BDR-9F02}_State{Raw}_0degrees_flat (1).png
6.0,Nicole,6.5.2026,STD,Rob2BDR-9F02,,flat,data_new\6\{Leveling-6}P{Nicole}_D{6.5.2026}_type(STD)_GS{Rob2BDR-9F02}_State{Raw}_0degrees_flat.png
6.0,Nicole,6.8.2026,STD,Rob2BDR-9F02,,raw,data_new\6\{Leveling-6}P{Nicole}_D{6.8.2026}_type(STD)_GS{Rob2BDR-9F02}_State{Raw}_0degrees (2).png
6.0,Nicole,6.8.2026,STD,Rob2BDR-9F02,,raw,data_new\6\{Leveling-6}P{Nicole}_D{6.8.2026}_type(STD)_GS{Rob2BDR-9F02}_State{Raw}_0degrees (3).png
6.0,Nicole,6.8.2026,STD,Rob2BDR-9F02,,flat,data_new\6\{Leveling-6}P{Nicole}_D{6.8.2026}_type(STD)_GS{Rob2BDR-9F02}_State{Raw}_0degrees_flat (2).png
6.0,Nicole,6.8.2026,STD,Rob2BDR-9F02,,flat,data_new\6\{Leveling-6}P{Nicole}_D{6.8.2026}_type(STD)_GS{Rob2BDR-9F02}_State{Raw}_0degrees_flat (3).png
6.0,Pride,6.4.2026,STD,Rob2BCA-WPWU,,raw,data_new\6\{Leveling-6}P{Pride}_D{6.4.2026}_type(STD)_GS{Rob2BCA-WPWU}_State{Raw}_0degrees (1).png
6.0,Pride,6.4.2026,STD,Rob2BCA-WPWU,,raw,data_new\6\{Leveling-6}P{Pride}_D{6.4.2026}_type(STD)_GS{Rob2BCA-WPWU}_State{Raw}_0degrees.png
6.0,Pride,6.4.2026,STD,Rob2BCA-WPWU,,flat,data_new\6\{Leveling-6}P{Pride}_D{6.4.2026}_type(STD)_GS{Rob2BCA-WPWU}_State{Raw}_0degrees_flat (1).png
6.0,Pride,6.4.2026,STD,Rob2BCA-WPWU,,flat,data_new\6\{Leveling-6}P{Pride}_D{6.4.2026}_type(STD)_GS{Rob2BCA-WPWU}_State{Raw}_0degrees_flat.png
7.0,Chase,6.2.2026,STD,Rob23CX-WPUA,,raw,data_new\7\{Leveling-7}P{Chase}_D{6.2.2026}_type(STD)_GS{Rob23CX-WPUA}_State{Raw}_0degrees (1).png
7.0,Chase,6.2.2026,STD,Rob23CX-WPUA,,raw,data_new\7\{Leveling-7}P{Chase}_D{6.2.2026}_type(STD)_GS{Rob23CX-WPUA}_State{Raw}_0degrees.png
7.0,Chase,6.2.2026,STD,Rob23CX-WPUA,,flat,data_new\7\{Leveling-7}P{Chase}_D{6.2.2026}_type(STD)_GS{Rob23CX-WPUA}_State{Raw}_0degrees_flat (1).png
7.0,Chase,6.2.2026,STD,Rob23CX-WPUA,,flat,data_new\7\{Leveling-7}P{Chase}_D{6.2.2026}_type(STD)_GS{Rob23CX-WPUA}_State{Raw}_0degrees_flat.png
7.0,Chase,6.3.2026,STD,Rob2BCA-WPWU,,raw,data_new\7\{Leveling-7}P{Chase}_D{6.3.2026}_type(STD)_GS{Rob2BCA-WPWU}_State{Raw}_0degrees (2).png
7.0,Chase,6.3.2026,STD,Rob2BCA-WPWU,,raw,data_new\7\{Leveling-7}P{Chase}_D{6.3.2026}_type(STD)_GS{Rob2BCA-WPWU}_State{Raw}_0degrees (3).png
7.0,Chase,6.3.2026,STD,Rob2BCA-WPWU,,flat,data_new\7\{Leveling-7}P{Chase}_D{6.3.2026}_type(STD)_GS{Rob2BCA-WPWU}_State{Raw}_0degrees_flat (2).png
7.0,Chase,6.3.2026,STD,Rob2BCA-WPWU,,flat,data_new\7\{Leveling-7}P{Chase}_D{6.3.2026}_type(STD)_GS{Rob2BCA-WPWU}_State{Raw}_0degrees_flat (3).png
7.0,Chase,6.5.2026,STD,Rob2BDR-9F02,,raw,data_new\7\{Leveling-7}P{Chase}_D{6.5.2026}_type(STD)_GS{Rob2BDR-9F02}_State{Raw}_0degrees (1).png
7.0,Chase,6.5.2026,STD,Rob2BDR-9F02,,raw,data_new\7\{Leveling-7}P{Chase}_D{6.5.2026}_type(STD)_GS{Rob2BDR-9F02}_State{Raw}_0degrees.png
7.0,Chase,6.5.2026,STD,Rob2BDR-9F02,,flat,data_new\7\{Leveling-7}P{Chase}_D{6.5.2026}_type(STD)_GS{Rob2BDR-9F02}_State{Raw}_0degrees_flat (1).png
7.0,Chase,6.5.2026,STD,Rob2BDR-9F02,,flat,data_new\7\{Leveling-7}P{Chase}_D{6.5.2026}_type(STD)_GS{Rob2BDR-9F02}_State{Raw}_0degrees_flat.png
7.0,David,6.4.2026,STD,Rob2BCA-WPWU,,raw,data_new\7\{Leveling-7}P{David}_D{6.4.2026}_type(STD)_GS{Rob2BCA-WPWU}_State{Raw}_0degrees (1).png
7.0,David,6.4.2026,STD,Rob2BCA-WPWU,,raw,data_new\7\{Leveling-7}P{David}_D{6.4.2026}_type(STD)_GS{Rob2BCA-WPWU}_State{Raw}_0degrees.png
7.0,David,6.4.2026,STD,Rob2BCA-WPWU,,flat,data_new\7\{Leveling-7}P{David}_D{6.4.2026}_type(STD)_GS{Rob2BCA-WPWU}_State{Raw}_0degrees_flat (1).png
7.0,David,6.4.2026,STD,Rob2BCA-WPWU,,flat,data_new\7\{Leveling-7}P{David}_D{6.4.2026}_type(STD)_GS{Rob2BCA-WPWU}_State{Raw}_0degrees_flat.png
7.0,David,6.5.2026,STD,Rob2BCA-WPWU,,raw,data_new\7\{Leveling-7}P{David}_D{6.5.2026}_type(STD)_GS{Rob2BCA-WPWU}_State{Raw}_0degrees (1).png
7.0,David,6.5.2026,STD,Rob2BCA-WPWU,,raw,data_new\7\{Leveling-7}P{David}_D{6.5.2026}_type(STD)_GS{Rob2BCA-WPWU}_State{Raw}_0degrees.png
7.0,David,6.5.2026,STD,Rob2BCA-WPWU,,flat,data_new\7\{Leveling-7}P{David}_D{6.5.2026}_type(STD)_GS{Rob2BCA-WPWU}_State{Raw}_0degrees_flat (1).png
7.0,David,6.5.2026,STD,Rob2BCA-WPWU,,flat,data_new\7\{Leveling-7}P{David}_D{6.5.2026}_type(STD)_GS{Rob2BCA-WPWU}_State{Raw}_0degrees_flat.png
7.0,David,6.5.2026,STD,Rob2BDR-9F0Z,,raw,data_new\7\{Leveling-7}P{David}_D{6.5.2026}_type(STD)_GS{Rob2BDR-9F0Z}_State{Raw}_0degrees (1).png
7.0,David,6.5.2026,STD,Rob2BDR-9F0Z,,raw,data_new\7\{Leveling-7}P{David}_D{6.5.2026}_type(STD)_GS{Rob2BDR-9F0Z}_State{Raw}_0degrees.png
7.0,David,6.5.2026,STD,Rob2BDR-9F0Z,,flat,data_new\7\{Leveling-7}P{David}_D{6.5.2026}_type(STD)_GS{Rob2BDR-9F0Z}_State{Raw}_0degrees_flat (1).png
7.0,David,6.5.2026,STD,Rob2BDR-9F0Z,,flat,data_new\7\{Leveling-7}P{David}_D{6.5.2026}_type(STD)_GS{Rob2BDR-9F0Z}_State{Raw}_0degrees_flat.png
7.0,David,6.8.2026,STD,Rob2BDR-9F02,,raw,data_new\7\{Leveling-7}P{David}_D{6.8.2026}_type(STD)_GS{Rob2BDR-9F02}_State{Raw}_0degrees (1).png
7.0,David,6.8.2026,STD,Rob2BDR-9F02,,raw,data_new\7\{Leveling-7}P{David}_D{6.8.2026}_type(STD)_GS{Rob2BDR-9F02}_State{Raw}_0degrees.png
7.0,David,6.8.2026,STD,Rob2BDR-9F02,,flat,data_new\7\{Leveling-7}P{David}_D{6.8.2026}_type(STD)_GS{Rob2BDR-9F02}_State{Raw}_0degrees_flat (1).png
7.0,David,6.8.2026,STD,Rob2BDR-9F02,,flat,data_new\7\{Leveling-7}P{David}_D{6.8.2026}_type(STD)_GS{Rob2BDR-9F02}_State{Raw}_0degrees_flat.png
7.0,Nicole,6.4.2026,STD,Rob2BCA-WPWU,,raw,data_new\7\{Leveling-7}P{Nicole}_D{6.4.2026}_type(STD)_GS{Rob2BCA-WPWU}_State{Raw}_0degrees (1).png
7.0,Nicole,6.4.2026,STD,Rob2BCA-WPWU,,raw,data_new\7\{Leveling-7}P{Nicole}_D{6.4.2026}_type(STD)_GS{Rob2BCA-WPWU}_State{Raw}_0degrees.png
7.0,Nicole,6.4.2026,STD,Rob2BCA-WPWU,,flat,data_new\7\{Leveling-7}P{Nicole}_D{6.4.2026}_type(STD)_GS{Rob2BCA-WPWU}_State{Raw}_0degrees_flat (1).png
7.0,Nicole,6.4.2026,STD,Rob2BCA-WPWU,,flat,data_new\7\{Leveling-7}P{Nicole}_D{6.4.2026}_type(STD)_GS{Rob2BCA-WPWU}_State{Raw}_0degrees_flat.png
7.0,Nicole,6.5.2026,STD,Rob2BCA-WPWU,,raw,data_new\7\{Leveling-7}P{Nicole}_D{6.5.2026}_type(STD)_GS{Rob2BCA-WPWU}_State{Raw}_0degrees (1).png
7.0,Nicole,6.5.2026,STD,Rob2BCA-WPWU,,raw,data_new\7\{Leveling-7}P{Nicole}_D{6.5.2026}_type(STD)_GS{Rob2BCA-WPWU}_State{Raw}_0degrees.png
7.0,Nicole,6.5.2026,STD,Rob2BCA-WPWU,,flat,data_new\7\{Leveling-7}P{Nicole}_D{6.5.2026}_type(STD)_GS{Rob2BCA-WPWU}_State{Raw}_0degrees_flat (1).png
7.0,Nicole,6.5.2026,STD,Rob2BCA-WPWU,,flat,data_new\7\{Leveling-7}P{Nicole}_D{6.5.2026}_type(STD)_GS{Rob2BCA-WPWU}_State{Raw}_0degrees_flat.png
7.0,Nicole,6.5.2026,STD,Rob2BDR-9F02,,raw,data_new\7\{Leveling-7}P{Nicole}_D{6.5.2026}_type(STD)_GS{Rob2BDR-9F02}_State{Raw}_0degrees (1).png
7.0,Nicole,6.5.2026,STD,Rob2BDR-9F02,,raw,data_new\7\{Leveling-7}P{Nicole}_D{6.5.2026}_type(STD)_GS{Rob2BDR-9F02}_State{Raw}_0degrees.png
7.0,Nicole,6.5.2026,STD,Rob2BDR-9F02,,flat,data_new\7\{Leveling-7}P{Nicole}_D{6.5.2026}_type(STD)_GS{Rob2BDR-9F02}_State{Raw}_0degrees_flat (1).png
7.0,Nicole,6.5.2026,STD,Rob2BDR-9F02,,flat,data_new\7\{Leveling-7}P{Nicole}_D{6.5.2026}_type(STD)_GS{Rob2BDR-9F02}_State{Raw}_0degrees_flat.png
7.0,Nicole,6.8.2026,STD,Rob2BDR-9F02,,raw,data_new\7\{Leveling-7}P{Nicole}_D{6.8.2026}_type(STD)_GS{Rob2BDR-9F02}_State{Raw}_0degrees (2).png
7.0,Nicole,6.8.2026,STD,Rob2BDR-9F02,,raw,data_new\7\{Leveling-7}P{Nicole}_D{6.8.2026}_type(STD)_GS{Rob2BDR-9F02}_State{Raw}_0degrees (3).png
7.0,Nicole,6.8.2026,STD,Rob2BDR-9F02,,flat,data_new\7\{Leveling-7}P{Nicole}_D{6.8.2026}_type(STD)_GS{Rob2BDR-9F02}_State{Raw}_0degrees_flat (2).png
7.0,Nicole,6.8.2026,STD,Rob2BDR-9F02,,flat,data_new\7\{Leveling-7}P{Nicole}_D{6.8.2026}_type(STD)_GS{Rob2BDR-9F02}_State{Raw}_0degrees_flat (3).png
7.0,Pride,6.4.2026,STD,Rob2BCA-WPWU,,raw,data_new\7\{Leveling-7}P{Pride}_D{6.4.2026}_type(STD)_GS{Rob2BCA-WPWU}_State{Raw}_0degrees (1).png
7.0,Pride,6.4.2026,STD,Rob2BCA-WPWU,,raw,data_new\7\{Leveling-7}P{Pride}_D{6.4.2026}_type(STD)_GS{Rob2BCA-WPWU}_State{Raw}_0degrees.png
7.0,Pride,6.4.2026,STD,Rob2BCA-WPWU,,flat,data_new\7\{Leveling-7}P{Pride}_D{6.4.2026}_type(STD)_GS{Rob2BCA-WPWU}_State{Raw}_0degrees_flat (1).png
7.0,Pride,6.4.2026,STD,Rob2BCA-WPWU,,flat,data_new\7\{Leveling-7}P{Pride}_D{6.4.2026}_type(STD)_GS{Rob2BCA-WPWU}_State{Raw}_0degrees_flat.png
8.0,Chase,6.2.2026,STD,Rob23CX-WPUA,,raw,data_new\8\{Leveling-8}P{Chase}_D{6.2.2026}_type(STD)_GS{Rob23CX-WPUA}_State{Raw}_0degrees (1).png
8.0,Chase,6.2.2026,STD,Rob23CX-WPUA,,raw,data_new\8\{Leveling-8}P{Chase}_D{6.2.2026}_type(STD)_GS{Rob23CX-WPUA}_State{Raw}_0degrees.png
8.0,Chase,6.2.2026,STD,Rob23CX-WPUA,,flat,data_new\8\{Leveling-8}P{Chase}_D{6.2.2026}_type(STD)_GS{Rob23CX-WPUA}_State{Raw}_0degrees_flat (1).png
8.0,Chase,6.2.2026,STD,Rob23CX-WPUA,,flat,data_new\8\{Leveling-8}P{Chase}_D{6.2.2026}_type(STD)_GS{Rob23CX-WPUA}_State{Raw}_0degrees_flat.png
8.0,Chase,6.3.2026,STD,Rob2BCA-WPWU,,raw,data_new\8\{Leveling-8}P{Chase}_D{6.3.2026}_type(STD)_GS{Rob2BCA-WPWU}_State{Raw}_0degrees (1).png
8.0,Chase,6.3.2026,STD,Rob2BCA-WPWU,,raw,data_new\8\{Leveling-8}P{Chase}_D{6.3.2026}_type(STD)_GS{Rob2BCA-WPWU}_State{Raw}_0degrees.png
8.0,Chase,6.3.2026,STD,Rob2BCA-WPWU,,flat,data_new\8\{Leveling-8}P{Chase}_D{6.3.2026}_type(STD)_GS{Rob2BCA-WPWU}_State{Raw}_0degrees_flat (1).png
8.0,Chase,6.3.2026,STD,Rob2BCA-WPWU,,flat,data_new\8\{Leveling-8}P{Chase}_D{6.3.2026}_type(STD)_GS{Rob2BCA-WPWU}_State{Raw}_0degrees_flat.png
8.0,Chase,6.5.2026,STD,Rob2BDR-9F02,,raw,data_new\8\{Leveling-8}P{Chase}_D{6.5.2026}_type(STD)_GS{Rob2BDR-9F02}_State{Raw}_0degrees (1).png
8.0,Chase,6.5.2026,STD,Rob2BDR-9F02,,raw,data_new\8\{Leveling-8}P{Chase}_D{6.5.2026}_type(STD)_GS{Rob2BDR-9F02}_State{Raw}_0degrees.png
8.0,Chase,6.5.2026,STD,Rob2BDR-9F02,,flat,data_new\8\{Leveling-8}P{Chase}_D{6.5.2026}_type(STD)_GS{Rob2BDR-9F02}_State{Raw}_0degrees_flat (1).png
8.0,Chase,6.5.2026,STD,Rob2BDR-9F02,,flat,data_new\8\{Leveling-8}P{Chase}_D{6.5.2026}_type(STD)_GS{Rob2BDR-9F02}_State{Raw}_0degrees_flat.png
8.0,David,6.4.2026,STD,Rob2BCA-WPWU,,raw,data_new\8\{Leveling-8}P{David}_D{6.4.2026}_type(STD)_GS{Rob2BCA-WPWU}_State{Raw}_0degrees (1).png
8.0,David,6.4.2026,STD,Rob2BCA-WPWU,,raw,data_new\8\{Leveling-8}P{David}_D{6.4.2026}_type(STD)_GS{Rob2BCA-WPWU}_State{Raw}_0degrees.png
8.0,David,6.4.2026,STD,Rob2BCA-WPWU,,flat,data_new\8\{Leveling-8}P{David}_D{6.4.2026}_type(STD)_GS{Rob2BCA-WPWU}_State{Raw}_0degrees_flat (1).png
8.0,David,6.4.2026,STD,Rob2BCA-WPWU,,flat,data_new\8\{Leveling-8}P{David}_D{6.4.2026}_type(STD)_GS{Rob2BCA-WPWU}_State{Raw}_0degrees_flat.png
8.0,David,6.5.2026,STD,Rob2BCA-WPWU,,raw,data_new\8\{Leveling-8}P{David}_D{6.5.2026}_type(STD)_GS{Rob2BCA-WPWU}_State{Raw}_0degrees (1).png
8.0,David,6.5.2026,STD,Rob2BCA-WPWU,,raw,data_new\8\{Leveling-8}P{David}_D{6.5.2026}_type(STD)_GS{Rob2BCA-WPWU}_State{Raw}_0degrees.png
8.0,David,6.5.2026,STD,Rob2BCA-WPWU,,flat,data_new\8\{Leveling-8}P{David}_D{6.5.2026}_type(STD)_GS{Rob2BCA-WPWU}_State{Raw}_0degrees_flat (1).png
8.0,David,6.5.2026,STD,Rob2BCA-WPWU,,flat,data_new\8\{Leveling-8}P{David}_D{6.5.2026}_type(STD)_GS{Rob2BCA-WPWU}_State{Raw}_0degrees_flat.png
8.0,David,6.5.2026,STD,Rob2BDR-9F0Z,,raw,data_new\8\{Leveling-8}P{David}_D{6.5.2026}_type(STD)_GS{Rob2BDR-9F0Z}_State{Raw}_0degrees (1).png
8.0,David,6.5.2026,STD,Rob2BDR-9F0Z,,raw,data_new\8\{Leveling-8}P{David}_D{6.5.2026}_type(STD)_GS{Rob2BDR-9F0Z}_State{Raw}_0degrees.png
8.0,David,6.5.2026,STD,Rob2BDR-9F0Z,,flat,data_new\8\{Leveling-8}P{David}_D{6.5.2026}_type(STD)_GS{Rob2BDR-9F0Z}_State{Raw}_0degrees_flat (1).png
8.0,David,6.5.2026,STD,Rob2BDR-9F0Z,,flat,data_new\8\{Leveling-8}P{David}_D{6.5.2026}_type(STD)_GS{Rob2BDR-9F0Z}_State{Raw}_0degrees_flat.png
8.0,David,6.8.2026,STD,Rob2BDR-9F02,,raw,data_new\8\{Leveling-8}P{David}_D{6.8.2026}_type(STD)_GS{Rob2BDR-9F02}_State{Raw}_0degrees (1).png
8.0,David,6.8.2026,STD,Rob2BDR-9F02,,raw,data_new\8\{Leveling-8}P{David}_D{6.8.2026}_type(STD)_GS{Rob2BDR-9F02}_State{Raw}_0degrees.png
8.0,David,6.8.2026,STD,Rob2BDR-9F02,,flat,data_new\8\{Leveling-8}P{David}_D{6.8.2026}_type(STD)_GS{Rob2BDR-9F02}_State{Raw}_0degrees_flat (1).png
8.0,David,6.8.2026,STD,Rob2BDR-9F02,,flat,data_new\8\{Leveling-8}P{David}_D{6.8.2026}_type(STD)_GS{Rob2BDR-9F02}_State{Raw}_0degrees_flat.png
8.0,Nicole,6.4.2026,STD,Rob2BCA-WPWU,,raw,data_new\8\{Leveling-8}P{Nicole}_D{6.4.2026}_type(STD)_GS{Rob2BCA-WPWU}_State{Raw}_0degrees (1).png
8.0,Nicole,6.4.2026,STD,Rob2BCA-WPWU,,raw,data_new\8\{Leveling-8}P{Nicole}_D{6.4.2026}_type(STD)_GS{Rob2BCA-WPWU}_State{Raw}_0degrees.png
8.0,Nicole,6.4.2026,STD,Rob2BCA-WPWU,,flat,data_new\8\{Leveling-8}P{Nicole}_D{6.4.2026}_type(STD)_GS{Rob2BCA-WPWU}_State{Raw}_0degrees_flat (1).png
8.0,Nicole,6.4.2026,STD,Rob2BCA-WPWU,,flat,data_new\8\{Leveling-8}P{Nicole}_D{6.4.2026}_type(STD)_GS{Rob2BCA-WPWU}_State{Raw}_0degrees_flat.png
8.0,Nicole,6.5.2026,STD,Rob2BCA-WPWU,,raw,data_new\8\{Leveling-8}P{Nicole}_D{6.5.2026}_type(STD)_GS{Rob2BCA-WPWU}_State{Raw}_0degrees (1).png
8.0,Nicole,6.5.2026,STD,Rob2BCA-WPWU,,raw,data_new\8\{Leveling-8}P{Nicole}_D{6.5.2026}_type(STD)_GS{Rob2BCA-WPWU}_State{Raw}_0degrees.png
8.0,Nicole,6.5.2026,STD,Rob2BCA-WPWU,,flat,data_new\8\{Leveling-8}P{Nicole}_D{6.5.2026}_type(STD)_GS{Rob2BCA-WPWU}_State{Raw}_0degrees_flat (1).png
8.0,Nicole,6.5.2026,STD,Rob2BCA-WPWU,,flat,data_new\8\{Leveling-8}P{Nicole}_D{6.5.2026}_type(STD)_GS{Rob2BCA-WPWU}_State{Raw}_0degrees_flat.png
8.0,Nicole,6.5.2026,STD,Rob2BDR-9F02,,raw,data_new\8\{Leveling-8}P{Nicole}_D{6.5.2026}_type(STD)_GS{Rob2BDR-9F02}_State{Raw}_0degrees (1).png
8.0,Nicole,6.5.2026,STD,Rob2BDR-9F02,,raw,data_new\8\{Leveling-8}P{Nicole}_D{6.5.2026}_type(STD)_GS{Rob2BDR-9F02}_State{Raw}_0degrees.png
8.0,Nicole,6.5.2026,STD,Rob2BDR-9F02,,flat,data_new\8\{Leveling-8}P{Nicole}_D{6.5.2026}_type(STD)_GS{Rob2BDR-9F02}_State{Raw}_0degrees_flat (1).png
8.0,Nicole,6.5.2026,STD,Rob2BDR-9F02,,flat,data_new\8\{Leveling-8}P{Nicole}_D{6.5.2026}_type(STD)_GS{Rob2BDR-9F02}_State{Raw}_0degrees_flat.png
8.0,Nicole,6.8.2026,STD,Rob2BDR-9F02,,raw,data_new\8\{Leveling-8}P{Nicole}_D{6.8.2026}_type(STD)_GS{Rob2BDR-9F02}_State{Raw}_0degrees (2).png
8.0,Nicole,6.8.2026,STD,Rob2BDR-9F02,,raw,data_new\8\{Leveling-8}P{Nicole}_D{6.8.2026}_type(STD)_GS{Rob2BDR-9F02}_State{Raw}_0degrees (3).png
8.0,Nicole,6.8.2026,STD,Rob2BDR-9F02,,flat,data_new\8\{Leveling-8}P{Nicole}_D{6.8.2026}_type(STD)_GS{Rob2BDR-9F02}_State{Raw}_0degrees_flat (2).png
8.0,Nicole,6.8.2026,STD,Rob2BDR-9F02,,flat,data_new\8\{Leveling-8}P{Nicole}_D{6.8.2026}_type(STD)_GS{Rob2BDR-9F02}_State{Raw}_0degrees_flat (3).png
8.0,Pride,6.4.2026,STD,Rob2BCA-WPWU,,raw,data_new\8\{Leveling-8}P{Pride}_D{6.4.2026}_type(STD)_GS{Rob2BCA-WPWU}_State{Raw}_0degrees (1).png
8.0,Pride,6.4.2026,STD,Rob2BCA-WPWU,,raw,data_new\8\{Leveling-8}P{Pride}_D{6.4.2026}_type(STD)_GS{Rob2BCA-WPWU}_State{Raw}_0degrees.png
8.0,Pride,6.4.2026,STD,Rob2BCA-WPWU,,flat,data_new\8\{Leveling-8}P{Pride}_D{6.4.2026}_type(STD)_GS{Rob2BCA-WPWU}_State{Raw}_0degrees_flat (1).png
8.0,Pride,6.4.2026,STD,Rob2BCA-WPWU,,flat,data_new\8\{Leveling-8}P{Pride}_D{6.4.2026}_type(STD)_GS{Rob2BCA-WPWU}_State{Raw}_0degrees_flat.png
9.0,Chase,6.2.2026,STD,Rob23CX-WPUA,,raw,data_new\9\{Leveling-9}P{Chase}_D{6.2.2026}_type(STD)_GS{Rob23CX-WPUA}_State{Raw}_0degrees (1).png
9.0,Chase,6.2.2026,STD,Rob23CX-WPUA,,raw,data_new\9\{Leveling-9}P{Chase}_D{6.2.2026}_type(STD)_GS{Rob23CX-WPUA}_State{Raw}_0degrees.png
9.0,Chase,6.2.2026,STD,Rob23CX-WPUA,,flat,data_new\9\{Leveling-9}P{Chase}_D{6.2.2026}_type(STD)_GS{Rob23CX-WPUA}_State{Raw}_0degrees_flat (1).png
9.0,Chase,6.2.2026,STD,Rob23CX-WPUA,,flat,data_new\9\{Leveling-9}P{Chase}_D{6.2.2026}_type(STD)_GS{Rob23CX-WPUA}_State{Raw}_0degrees_flat.png
9.0,Chase,6.3.2026,STD,Rob2BCA-WPWU,,raw,data_new\9\{Leveling-9}P{Chase}_D{6.3.2026}_type(STD)_GS{Rob2BCA-WPWU}_State{Raw}_0degrees (1).png
9.0,Chase,6.3.2026,STD,Rob2BCA-WPWU,,raw,data_new\9\{Leveling-9}P{Chase}_D{6.3.2026}_type(STD)_GS{Rob2BCA-WPWU}_State{Raw}_0degrees.png
9.0,Chase,6.3.2026,STD,Rob2BCA-WPWU,,flat,data_new\9\{Leveling-9}P{Chase}_D{6.3.2026}_type(STD)_GS{Rob2BCA-WPWU}_State{Raw}_0degrees_flat (1).png
9.0,Chase,6.3.2026,STD,Rob2BCA-WPWU,,flat,data_new\9\{Leveling-9}P{Chase}_D{6.3.2026}_type(STD)_GS{Rob2BCA-WPWU}_State{Raw}_0degrees_flat.png
9.0,Chase,6.5.2026,STD,Rob2BDR-9F02,,raw,data_new\9\{Leveling-9}P{Chase}_D{6.5.2026}_type(STD)_GS{Rob2BDR-9F02}_State{Raw}_0degrees (1).png
9.0,Chase,6.5.2026,STD,Rob2BDR-9F02,,raw,data_new\9\{Leveling-9}P{Chase}_D{6.5.2026}_type(STD)_GS{Rob2BDR-9F02}_State{Raw}_0degrees.png
9.0,Chase,6.5.2026,STD,Rob2BDR-9F02,,flat,data_new\9\{Leveling-9}P{Chase}_D{6.5.2026}_type(STD)_GS{Rob2BDR-9F02}_State{Raw}_0degrees_flat (1).png
9.0,Chase,6.5.2026,STD,Rob2BDR-9F02,,flat,data_new\9\{Leveling-9}P{Chase}_D{6.5.2026}_type(STD)_GS{Rob2BDR-9F02}_State{Raw}_0degrees_flat.png
9.0,David,6.4.2026,STD,Rob2BCA-WPWU,,raw,data_new\9\{Leveling-9}P{David}_D{6.4.2026}_type(STD)_GS{Rob2BCA-WPWU}_State{Raw}_0degrees (1).png
9.0,David,6.4.2026,STD,Rob2BCA-WPWU,,raw,data_new\9\{Leveling-9}P{David}_D{6.4.2026}_type(STD)_GS{Rob2BCA-WPWU}_State{Raw}_0degrees.png
9.0,David,6.4.2026,STD,Rob2BCA-WPWU,,flat,data_new\9\{Leveling-9}P{David}_D{6.4.2026}_type(STD)_GS{Rob2BCA-WPWU}_State{Raw}_0degrees_flat (1).png
9.0,David,6.4.2026,STD,Rob2BCA-WPWU,,flat,data_new\9\{Leveling-9}P{David}_D{6.4.2026}_type(STD)_GS{Rob2BCA-WPWU}_State{Raw}_0degrees_flat.png
9.0,David,6.5.2026,STD,Rob2BCA-WPWU,,raw,data_new\9\{Leveling-9}P{David}_D{6.5.2026}_type(STD)_GS{Rob2BCA-WPWU}_State{Raw}_0degrees (1).png
9.0,David,6.5.2026,STD,Rob2BCA-WPWU,,raw,data_new\9\{Leveling-9}P{David}_D{6.5.2026}_type(STD)_GS{Rob2BCA-WPWU}_State{Raw}_0degrees.png
9.0,David,6.5.2026,STD,Rob2BCA-WPWU,,flat,data_new\9\{Leveling-9}P{David}_D{6.5.2026}_type(STD)_GS{Rob2BCA-WPWU}_State{Raw}_0degrees_flat (1).png
9.0,David,6.5.2026,STD,Rob2BCA-WPWU,,flat,data_new\9\{Leveling-9}P{David}_D{6.5.2026}_type(STD)_GS{Rob2BCA-WPWU}_State{Raw}_0degrees_flat.png
9.0,David,6.5.2026,STD,Rob2BDR-9F0Z,,raw,data_new\9\{Leveling-9}P{David}_D{6.5.2026}_type(STD)_GS{Rob2BDR-9F0Z}_State{Raw}_0degrees (1).png
9.0,David,6.5.2026,STD,Rob2BDR-9F0Z,,raw,data_new\9\{Leveling-9}P{David}_D{6.5.2026}_type(STD)_GS{Rob2BDR-9F0Z}_State{Raw}_0degrees.png
9.0,David,6.5.2026,STD,Rob2BDR-9F0Z,,flat,data_new\9\{Leveling-9}P{David}_D{6.5.2026}_type(STD)_GS{Rob2BDR-9F0Z}_State{Raw}_0degrees_flat (1).png
9.0,David,6.5.2026,STD,Rob2BDR-9F0Z,,flat,data_new\9\{Leveling-9}P{David}_D{6.5.2026}_type(STD)_GS{Rob2BDR-9F0Z}_State{Raw}_0degrees_flat.png
9.0,David,6.8.2026,STD,Rob2BDR-9F02,,raw,data_new\9\{Leveling-9}P{David}_D{6.8.2026}_type(STD)_GS{Rob2BDR-9F02}_State{Raw}_0degrees (1).png
9.0,David,6.8.2026,STD,Rob2BDR-9F02,,raw,data_new\9\{Leveling-9}P{David}_D{6.8.2026}_type(STD)_GS{Rob2BDR-9F02}_State{Raw}_0degrees.png
9.0,David,6.8.2026,STD,Rob2BDR-9F02,,flat,data_new\9\{Leveling-9}P{David}_D{6.8.2026}_type(STD)_GS{Rob2BDR-9F02}_State{Raw}_0degrees_flat (1).png
9.0,David,6.8.2026,STD,Rob2BDR-9F02,,flat,data_new\9\{Leveling-9}P{David}_D{6.8.2026}_type(STD)_GS{Rob2BDR-9F02}_State{Raw}_0degrees_flat.png
9.0,Nicole,6.4.2026,STD,Rob2BCA-WPWU,,raw,data_new\9\{Leveling-9}P{Nicole}_D{6.4.2026}_type(STD)_GS{Rob2BCA-WPWU}_State{Raw}_0degrees (1).png
9.0,Nicole,6.4.2026,STD,Rob2BCA-WPWU,,raw,data_new\9\{Leveling-9}P{Nicole}_D{6.4.2026}_type(STD)_GS{Rob2BCA-WPWU}_State{Raw}_0degrees.png
9.0,Nicole,6.4.2026,STD,Rob2BCA-WPWU,,flat,data_new\9\{Leveling-9}P{Nicole}_D{6.4.2026}_type(STD)_GS{Rob2BCA-WPWU}_State{Raw}_0degrees_flat (1).png
9.0,Nicole,6.4.2026,STD,Rob2BCA-WPWU,,flat,data_new\9\{Leveling-9}P{Nicole}_D{6.4.2026}_type(STD)_GS{Rob2BCA-WPWU}_State{Raw}_0degrees_flat.png
9.0,Nicole,6.5.2026,STD,Rob2BCA-WPWU,,raw,data_new\9\{Leveling-9}P{Nicole}_D{6.5.2026}_type(STD)_GS{Rob2BCA-WPWU}_State{Raw}_0degrees (1).png
9.0,Nicole,6.5.2026,STD,Rob2BCA-WPWU,,raw,data_new\9\{Leveling-9}P{Nicole}_D{6.5.2026}_type(STD)_GS{Rob2BCA-WPWU}_State{Raw}_0degrees.png
9.0,Nicole,6.5.2026,STD,Rob2BCA-WPWU,,flat,data_new\9\{Leveling-9}P{Nicole}_D{6.5.2026}_type(STD)_GS{Rob2BCA-WPWU}_State{Raw}_0degrees_flat (1).png
9.0,Nicole,6.5.2026,STD,Rob2BCA-WPWU,,flat,data_new\9\{Leveling-9}P{Nicole}_D{6.5.2026}_type(STD)_GS{Rob2BCA-WPWU}_State{Raw}_0degrees_flat.png
9.0,Nicole,6.5.2026,STD,Rob2BDR-9F02,,raw,data_new\9\{Leveling-9}P{Nicole}_D{6.5.2026}_type(STD)_GS{Rob2BDR-9F02}_State{Raw}_0degrees (1).png
9.0,Nicole,6.5.2026,STD,Rob2BDR-9F02,,raw,data_new\9\{Leveling-9}P{Nicole}_D{6.5.2026}_type(STD)_GS{Rob2BDR-9F02}_State{Raw}_0degrees.png
9.0,Nicole,6.5.2026,STD,Rob2BDR-9F02,,flat,data_new\9\{Leveling-9}P{Nicole}_D{6.5.2026}_type(STD)_GS{Rob2BDR-9F02}_State{Raw}_0degrees_flat (1).png
9.0,Nicole,6.5.2026,STD,Rob2BDR-9F02,,flat,data_new\9\{Leveling-9}P{Nicole}_D{6.5.2026}_type(STD)_GS{Rob2BDR-9F02}_State{Raw}_0degrees_flat.png
9.0,Nicole,6.8.2026,STD,Rob2BDR-9F02,,raw,data_new\9\{Leveling-9}P{Nicole}_D{6.8.2026}_type(STD)_GS{Rob2BDR-9F02}_State{Raw}_0degrees (2).png
9.0,Nicole,6.8.2026,STD,Rob2BDR-9F02,,raw,data_new\9\{Leveling-9}P{Nicole}_D{6.8.2026}_type(STD)_GS{Rob2BDR-9F02}_State{Raw}_0degrees (3).png
9.0,Nicole,6.8.2026,STD,Rob2BDR-9F02,,flat,data_new\9\{Leveling-9}P{Nicole}_D{6.8.2026}_type(STD)_GS{Rob2BDR-9F02}_State{Raw}_0degrees_flat (2).png
9.0,Nicole,6.8.2026,STD,Rob2BDR-9F02,,flat,data_new\9\{Leveling-9}P{Nicole}_D{6.8.2026}_type(STD)_GS{Rob2BDR-9F02}_State{Raw}_0degrees_flat (3).png
9.0,Pride,6.4.2026,STD,Rob2BCA-WPWU,,raw,data_new\9\{Leveling-9}P{Pride}_D{6.4.2026}_type(STD)_GS{Rob2BCA-WPWU}_State{Raw}_0degrees (1).png
9.0,Pride,6.4.2026,STD,Rob2BCA-WPWU,,raw,data_new\9\{Leveling-9}P{Pride}_D{6.4.2026}_type(STD)_GS{Rob2BCA-WPWU}_State{Raw}_0degrees.png
9.0,Pride,6.4.2026,STD,Rob2BCA-WPWU,,flat,data_new\9\{Leveling-9}P{Pride}_D{6.4.2026}_type(STD)_GS{Rob2BCA-WPWU}_State{Raw}_0degrees_flat (1).png
9.0,Pride,6.4.2026,STD,Rob2BCA-WPWU,,flat,data_new\9\{Leveling-9}P{Pride}_D{6.4.2026}_type(STD)_GS{Rob2BCA-WPWU}_State{Raw}_0degrees_flat.png
10.0,Chase,6.2.2026,STD,Rob23CX-WPUA,,raw,data_new\10\{Leveling-10}P{Chase}_D{6.2.2026}_type(STD)_GS{Rob23CX-WPUA}_State{Raw}_0degrees (2).png
10.0,Chase,6.2.2026,STD,Rob23CX-WPUA,,raw,data_new\10\{Leveling-10}P{Chase}_D{6.2.2026}_type(STD)_GS{Rob23CX-WPUA}_State{Raw}_0degrees.png
10.0,Chase,6.2.2026,STD,Rob23CX-WPUA,,flat,data_new\10\{Leveling-10}P{Chase}_D{6.2.2026}_type(STD)_GS{Rob23CX-WPUA}_State{Raw}_0degrees_flat (2).png
10.0,Chase,6.2.2026,STD,Rob23CX-WPUA,,flat,data_new\10\{Leveling-10}P{Chase}_D{6.2.2026}_type(STD)_GS{Rob23CX-WPUA}_State{Raw}_0degrees_flat.png
10.0,Chase,6.3.2026,STD,Rob2BCA-WPWU,,raw,data_new\10\{Leveling-10}P{Chase}_D{6.3.2026}_type(STD)_GS{Rob2BCA-WPWU}_State{Raw}_0degrees (1).png
10.0,Chase,6.3.2026,STD,Rob2BCA-WPWU,,raw,data_new\10\{Leveling-10}P{Chase}_D{6.3.2026}_type(STD)_GS{Rob2BCA-WPWU}_State{Raw}_0degrees.png
10.0,Chase,6.3.2026,STD,Rob2BCA-WPWU,,flat,data_new\10\{Leveling-10}P{Chase}_D{6.3.2026}_type(STD)_GS{Rob2BCA-WPWU}_State{Raw}_0degrees_flat (1).png
10.0,Chase,6.3.2026,STD,Rob2BCA-WPWU,,flat,data_new\10\{Leveling-10}P{Chase}_D{6.3.2026}_type(STD)_GS{Rob2BCA-WPWU}_State{Raw}_0degrees_flat.png
10.0,Chase,6.5.2026,STD,Rob2BDR-9F02,,raw,data_new\10\{Leveling-10}P{Chase}_D{6.5.2026}_type(STD)_GS{Rob2BDR-9F02}_State{Raw}_0degrees (1).png
10.0,Chase,6.5.2026,STD,Rob2BDR-9F02,,raw,data_new\10\{Leveling-10}P{Chase}_D{6.5.2026}_type(STD)_GS{Rob2BDR-9F02}_State{Raw}_0degrees.png
10.0,Chase,6.5.2026,STD,Rob2BDR-9F02,,flat,data_new\10\{Leveling-10}P{Chase}_D{6.5.2026}_type(STD)_GS{Rob2BDR-9F02}_State{Raw}_0degrees_flat (1).png
10.0,Chase,6.5.2026,STD,Rob2BDR-9F02,,flat,data_new\10\{Leveling-10}P{Chase}_D{6.5.2026}_type(STD)_GS{Rob2BDR-9F02}_State{Raw}_0degrees_flat.png
10.0,David,6.4.2026,STD,Rob2BCA-WPWU,,raw,data_new\10\{Leveling-10}P{David}_D{6.4.2026}_type(STD)_GS{Rob2BCA-WPWU}_State{Raw}_0degrees (1).png
10.0,David,6.4.2026,STD,Rob2BCA-WPWU,,raw,data_new\10\{Leveling-10}P{David}_D{6.4.2026}_type(STD)_GS{Rob2BCA-WPWU}_State{Raw}_0degrees.png
10.0,David,6.4.2026,STD,Rob2BCA-WPWU,,flat,data_new\10\{Leveling-10}P{David}_D{6.4.2026}_type(STD)_GS{Rob2BCA-WPWU}_State{Raw}_0degrees_flat (1).png
10.0,David,6.4.2026,STD,Rob2BCA-WPWU,,flat,data_new\10\{Leveling-10}P{David}_D{6.4.2026}_type(STD)_GS{Rob2BCA-WPWU}_State{Raw}_0degrees_flat.png
10.0,David,6.5.2026,STD,Rob2BCA-WPWU,,raw,data_new\10\{Leveling-10}P{David}_D{6.5.2026}_type(STD)_GS{Rob2BCA-WPWU}_State{Raw}_0degrees (1).png
10.0,David,6.5.2026,STD,Rob2BCA-WPWU,,raw,data_new\10\{Leveling-10}P{David}_D{6.5.2026}_type(STD)_GS{Rob2BCA-WPWU}_State{Raw}_0degrees.png
10.0,David,6.5.2026,STD,Rob2BCA-WPWU,,flat,data_new\10\{Leveling-10}P{David}_D{6.5.2026}_type(STD)_GS{Rob2BCA-WPWU}_State{Raw}_0degrees_flat (1).png
10.0,David,6.5.2026,STD,Rob2BCA-WPWU,,flat,data_new\10\{Leveling-10}P{David}_D{6.5.2026}_type(STD)_GS{Rob2BCA-WPWU}_State{Raw}_0degrees_flat.png
10.0,David,6.5.2026,STD,Rob2BDR-9F0Z,,raw,data_new\10\{Leveling-10}P{David}_D{6.5.2026}_type(STD)_GS{Rob2BDR-9F0Z}_State{Raw}_0degrees (1).png
10.0,David,6.5.2026,STD,Rob2BDR-9F0Z,,raw,data_new\10\{Leveling-10}P{David}_D{6.5.2026}_type(STD)_GS{Rob2BDR-9F0Z}_State{Raw}_0degrees.png
10.0,David,6.5.2026,STD,Rob2BDR-9F0Z,,flat,data_new\10\{Leveling-10}P{David}_D{6.5.2026}_type(STD)_GS{Rob2BDR-9F0Z}_State{Raw}_0degrees_flat (1).png
10.0,David,6.5.2026,STD,Rob2BDR-9F0Z,,flat,data_new\10\{Leveling-10}P{David}_D{6.5.2026}_type(STD)_GS{Rob2BDR-9F0Z}_State{Raw}_0degrees_flat.png
10.0,David,6.8.2026,STD,Rob2BDR-9F02,,raw,data_new\10\{Leveling-10}P{David}_D{6.8.2026}_type(STD)_GS{Rob2BDR-9F02}_State{Raw}_0degrees (1).png
10.0,David,6.8.2026,STD,Rob2BDR-9F02,,raw,data_new\10\{Leveling-10}P{David}_D{6.8.2026}_type(STD)_GS{Rob2BDR-9F02}_State{Raw}_0degrees.png
10.0,David,6.8.2026,STD,Rob2BDR-9F02,,flat,data_new\10\{Leveling-10}P{David}_D{6.8.2026}_type(STD)_GS{Rob2BDR-9F02}_State{Raw}_0degrees_flat (1).png
10.0,David,6.8.2026,STD,Rob2BDR-9F02,,flat,data_new\10\{Leveling-10}P{David}_D{6.8.2026}_type(STD)_GS{Rob2BDR-9F02}_State{Raw}_0degrees_flat.png
10.0,Nicole,6.4.2026,STD,Rob2BCA-WPWU,,raw,data_new\10\{Leveling-10}P{Nicole}_D{6.4.2026}_type(STD)_GS{Rob2BCA-WPWU}_State{Raw}_0degrees (1).png
10.0,Nicole,6.4.2026,STD,Rob2BCA-WPWU,,raw,data_new\10\{Leveling-10}P{Nicole}_D{6.4.2026}_type(STD)_GS{Rob2BCA-WPWU}_State{Raw}_0degrees.png
10.0,Nicole,6.4.2026,STD,Rob2BCA-WPWU,,flat,data_new\10\{Leveling-10}P{Nicole}_D{6.4.2026}_type(STD)_GS{Rob2BCA-WPWU}_State{Raw}_0degrees_flat (1).png
10.0,Nicole,6.4.2026,STD,Rob2BCA-WPWU,,flat,data_new\10\{Leveling-10}P{Nicole}_D{6.4.2026}_type(STD)_GS{Rob2BCA-WPWU}_State{Raw}_0degrees_flat.png
10.0,Nicole,6.5.2026,STD,Rob2BCA-WPWU,,raw,data_new\10\{Leveling-10}P{Nicole}_D{6.5.2026}_type(STD)_GS{Rob2BCA-WPWU}_State{Raw}_0degrees (1).png
10.0,Nicole,6.5.2026,STD,Rob2BCA-WPWU,,raw,data_new\10\{Leveling-10}P{Nicole}_D{6.5.2026}_type(STD)_GS{Rob2BCA-WPWU}_State{Raw}_0degrees.png
10.0,Nicole,6.5.2026,STD,Rob2BCA-WPWU,,flat,data_new\10\{Leveling-10}P{Nicole}_D{6.5.2026}_type(STD)_GS{Rob2BCA-WPWU}_State{Raw}_0degrees_flat (1).png
10.0,Nicole,6.5.2026,STD,Rob2BCA-WPWU,,flat,data_new\10\{Leveling-10}P{Nicole}_D{6.5.2026}_type(STD)_GS{Rob2BCA-WPWU}_State{Raw}_0degrees_flat.png
10.0,Nicole,6.5.2026,STD,Rob2BDR-9F02,,raw,data_new\10\{Leveling-10}P{Nicole}_D{6.5.2026}_type(STD)_GS{Rob2BDR-9F02}_State{Raw}_0degrees (1).png
10.0,Nicole,6.5.2026,STD,Rob2BDR-9F02,,raw,data_new\10\{Leveling-10}P{Nicole}_D{6.5.2026}_type(STD)_GS{Rob2BDR-9F02}_State{Raw}_0degrees.png
10.0,Nicole,6.5.2026,STD,Rob2BDR-9F02,,flat,data_new\10\{Leveling-10}P{Nicole}_D{6.5.2026}_type(STD)_GS{Rob2BDR-9F02}_State{Raw}_0degrees_flat (1).png
10.0,Nicole,6.5.2026,STD,Rob2BDR-9F02,,flat,data_new\10\{Leveling-10}P{Nicole}_D{6.5.2026}_type(STD)_GS{Rob2BDR-9F02}_State{Raw}_0degrees_flat.png
10.0,Nicole,6.8.2026,STD,Rob2BDR-9F02,,raw,data_new\10\{Leveling-10}P{Nicole}_D{6.8.2026}_type(STD)_GS{Rob2BDR-9F02}_State{Raw}_0degrees (2).png
10.0,Nicole,6.8.2026,STD,Rob2BDR-9F02,,raw,data_new\10\{Leveling-10}P{Nicole}_D{6.8.2026}_type(STD)_GS{Rob2BDR-9F02}_State{Raw}_0degrees (3).png
10.0,Nicole,6.8.2026,STD,Rob2BDR-9F02,,flat,data_new\10\{Leveling-10}P{Nicole}_D{6.8.2026}_type(STD)_GS{Rob2BDR-9F02}_State{Raw}_0degrees_flat (2).png
10.0,Nicole,6.8.2026,STD,Rob2BDR-9F02,,flat,data_new\10\{Leveling-10}P{Nicole}_D{6.8.2026}_type(STD)_GS{Rob2BDR-9F02}_State{Raw}_0degrees_flat (3).png
10.0,Pride,6.4.2026,STD,Rob2BCA-WPWU,,raw,data_new\10\{Leveling-10}P{Pride}_D{6.4.2026}_type(STD)_GS{Rob2BCA-WPWU}_State{Raw}_0degrees (1).png
10.0,Pride,6.4.2026,STD,Rob2BCA-WPWU,,raw,data_new\10\{Leveling-10}P{Pride}_D{6.4.2026}_type(STD)_GS{Rob2BCA-WPWU}_State{Raw}_0degrees.png
10.0,Pride,6.4.2026,STD,Rob2BCA-WPWU,,flat,data_new\10\{Leveling-10}P{Pride}_D{6.4.2026}_type(STD)_GS{Rob2BCA-WPWU}_State{Raw}_0degrees_flat (1).png
10.0,Pride,6.4.2026,STD,Rob2BCA-WPWU,,flat,data_new\10\{Leveling-10}P{Pride}_D{6.4.2026}_type(STD)_GS{Rob2BCA-WPWU}_State{Raw}_0degrees_flat.png
1.2,Chase,7.15.2026,DD,,25-108,raw,data_new_2\1\{leveling-1}_P{Chase}_D{7-15}_type{DD}_GS{25-108}_Panel{ID}_Gloss{flat}_0degrees (1).png
1.2,Chase,7.15.2026,DD,,25-108,raw,data_new_2\1\{leveling-1}_P{Chase}_D{7-15}_type{DD}_GS{25-108}_Panel{ID}_Gloss{flat}_0degrees (2).png
1.2,Chase,7.15.2026,DD,,25-108,raw,data_new_2\1\{leveling-1}_P{Chase}_D{7-15}_type{DD}_GS{25-108}_Panel{ID}_Gloss{flat}_0degrees.png
1.2,Chase,7.15.2026,DD,,25-108,flat,data_new_2\1\{leveling-1}_P{Chase}_D{7-15}_type{DD}_GS{25-108}_Panel{ID}_Gloss{flat}_0degrees_flat (1).png
1.2,Chase,7.15.2026,DD,,25-108,flat,data_new_2\1\{leveling-1}_P{Chase}_D{7-15}_type{DD}_GS{25-108}_Panel{ID}_Gloss{flat}_0degrees_flat (2).png
1.2,Chase,7.15.2026,DD,,25-108,flat,data_new_2\1\{leveling-1}_P{Chase}_D{7-15}_type{DD}_GS{25-108}_Panel{ID}_Gloss{flat}_0degrees_flat.png
1.3,Chase,7.15.2026,DD,,25-111,raw,data_new_2\1\{leveling-1}_P{Chase}_D{7-15}_type{DD}_GS{25-111}_Panel{ID}_Gloss{Gloss}_0degrees (1).png
1.3,Chase,7.15.2026,DD,,25-111,raw,data_new_2\1\{leveling-1}_P{Chase}_D{7-15}_type{DD}_GS{25-111}_Panel{ID}_Gloss{Gloss}_0degrees (2).png
1.3,Chase,7.15.2026,DD,,25-111,raw,data_new_2\1\{leveling-1}_P{Chase}_D{7-15}_type{DD}_GS{25-111}_Panel{ID}_Gloss{Gloss}_0degrees.png
1.3,Chase,7.15.2026,DD,,25-111,flat,data_new_2\1\{leveling-1}_P{Chase}_D{7-15}_type{DD}_GS{25-111}_Panel{ID}_Gloss{Gloss}_0degrees_flat (1).png
1.3,Chase,7.15.2026,DD,,25-111,flat,data_new_2\1\{leveling-1}_P{Chase}_D{7-15}_type{DD}_GS{25-111}_Panel{ID}_Gloss{Gloss}_0degrees_flat (2).png
1.3,Chase,7.15.2026,DD,,25-111,flat,data_new_2\1\{leveling-1}_P{Chase}_D{7-15}_type{DD}_GS{25-111}_Panel{ID}_Gloss{Gloss}_0degrees_flat.png
1.2,Nicole,7.9.2026,DD,2BDR-9F02,25-108,raw,data_new_2\1\{leveling-1}_P{Nicole}_D{7.9.2026}_type{DD}_GS{2BDR-9F02}_Panel{GS-25-108}_Gloss{Flat}_0degrees (1).png
1.2,Nicole,7.9.2026,DD,2BDR-9F02,25-108,raw,data_new_2\1\{leveling-1}_P{Nicole}_D{7.9.2026}_type{DD}_GS{2BDR-9F02}_Panel{GS-25-108}_Gloss{Flat}_0degrees (2).png
1.2,Nicole,7.9.2026,DD,2BDR-9F02,25-108,raw,data_new_2\1\{leveling-1}_P{Nicole}_D{7.9.2026}_type{DD}_GS{2BDR-9F02}_Panel{GS-25-108}_Gloss{Flat}_0degrees.png
1.2,Nicole,7.9.2026,DD,2BDR-9F02,25-108,flat,data_new_2\1\{leveling-1}_P{Nicole}_D{7.9.2026}_type{DD}_GS{2BDR-9F02}_Panel{GS-25-108}_Gloss{Flat}_0degrees_flat (1).png
1.2,Nicole,7.9.2026,DD,2BDR-9F02,25-108,flat,data_new_2\1\{leveling-1}_P{Nicole}_D{7.9.2026}_type{DD}_GS{2BDR-9F02}_Panel{GS-25-108}_Gloss{Flat}_0degrees_flat (2).png
1.2,Nicole,7.9.2026,DD,2BDR-9F02,25-108,flat,data_new_2\1\{leveling-1}_P{Nicole}_D{7.9.2026}_type{DD}_GS{2BDR-9F02}_Panel{GS-25-108}_Gloss{Flat}_0degrees_flat.png
1.3,Nicole,7.9.2026,DD,2BDR-9F02,25-111,raw,data_new_2\1\{leveling-1}_P{Nicole}_D{7.9.2026}_type{DD}_GS{2BDR-9F02}_Panel{GS-25-111}_Gloss{gloss}_0degrees (1).png
1.3,Nicole,7.9.2026,DD,2BDR-9F02,25-111,raw,data_new_2\1\{leveling-1}_P{Nicole}_D{7.9.2026}_type{DD}_GS{2BDR-9F02}_Panel{GS-25-111}_Gloss{gloss}_0degrees (2).png
1.3,Nicole,7.9.2026,DD,2BDR-9F02,25-111,raw,data_new_2\1\{leveling-1}_P{Nicole}_D{7.9.2026}_type{DD}_GS{2BDR-9F02}_Panel{GS-25-111}_Gloss{gloss}_0degrees.png
1.3,Nicole,7.9.2026,DD,2BDR-9F02,25-111,flat,data_new_2\1\{leveling-1}_P{Nicole}_D{7.9.2026}_type{DD}_GS{2BDR-9F02}_Panel{GS-25-111}_Gloss{gloss}_0degrees_flat (1).png
1.3,Nicole,7.9.2026,DD,2BDR-9F02,25-111,flat,data_new_2\1\{leveling-1}_P{Nicole}_D{7.9.2026}_type{DD}_GS{2BDR-9F02}_Panel{GS-25-111}_Gloss{gloss}_0degrees_flat (2).png
1.3,Nicole,7.9.2026,DD,2BDR-9F02,25-111,flat,data_new_2\1\{leveling-1}_P{Nicole}_D{7.9.2026}_type{DD}_GS{2BDR-9F02}_Panel{GS-25-111}_Gloss{gloss}_0degrees_flat.png
2.2,Chase,7.15.2026,DD,,25-100,raw,data_new_2\2\{leveling-2}_P{Chase}_D{7-15}_type{DD}_GS{25-100}_Panel{ID}_Gloss{flat}_0degrees (1).png
2.2,Chase,7.15.2026,DD,,25-100,raw,data_new_2\2\{leveling-2}_P{Chase}_D{7-15}_type{DD}_GS{25-100}_Panel{ID}_Gloss{flat}_0degrees (2).png
2.2,Chase,7.15.2026,DD,,25-100,raw,data_new_2\2\{leveling-2}_P{Chase}_D{7-15}_type{DD}_GS{25-100}_Panel{ID}_Gloss{flat}_0degrees.png
2.2,Chase,7.15.2026,DD,,25-100,flat,data_new_2\2\{leveling-2}_P{Chase}_D{7-15}_type{DD}_GS{25-100}_Panel{ID}_Gloss{flat}_0degrees_flat (1).png
2.2,Chase,7.15.2026,DD,,25-100,flat,data_new_2\2\{leveling-2}_P{Chase}_D{7-15}_type{DD}_GS{25-100}_Panel{ID}_Gloss{flat}_0degrees_flat (2).png
2.2,Chase,7.15.2026,DD,,25-100,flat,data_new_2\2\{leveling-2}_P{Chase}_D{7-15}_type{DD}_GS{25-100}_Panel{ID}_Gloss{flat}_0degrees_flat.png
2.2,Chase,7.15.2026,DD,,25-101,raw,data_new_2\2\{leveling-2}_P{Chase}_D{7-15}_type{DD}_GS{25-101}_Panel{ID}_Gloss{Gloss}_0degrees (1).png
2.2,Chase,7.15.2026,DD,,25-101,raw,data_new_2\2\{leveling-2}_P{Chase}_D{7-15}_type{DD}_GS{25-101}_Panel{ID}_Gloss{Gloss}_0degrees (2).png
2.2,Chase,7.15.2026,DD,,25-101,raw,data_new_2\2\{leveling-2}_P{Chase}_D{7-15}_type{DD}_GS{25-101}_Panel{ID}_Gloss{Gloss}_0degrees.png
2.2,Chase,7.15.2026,DD,,25-101,flat,data_new_2\2\{leveling-2}_P{Chase}_D{7-15}_type{DD}_GS{25-101}_Panel{ID}_Gloss{Gloss}_0degrees_flat (1).png
2.2,Chase,7.15.2026,DD,,25-101,flat,data_new_2\2\{leveling-2}_P{Chase}_D{7-15}_type{DD}_GS{25-101}_Panel{ID}_Gloss{Gloss}_0degrees_flat (2).png
2.2,Chase,7.15.2026,DD,,25-101,flat,data_new_2\2\{leveling-2}_P{Chase}_D{7-15}_type{DD}_GS{25-101}_Panel{ID}_Gloss{Gloss}_0degrees_flat.png
2.2,Nicole,7.9.2026,DD,2BDR-9F02,25-100,raw,data_new_2\2\{leveling-2}_P{Nicole}_D{7.9.2026}_type{DD}_GS{2BDR-9F02}_Panel{GS-25-100}_Gloss{Flat}_0degrees (1).png
2.2,Nicole,7.9.2026,DD,2BDR-9F02,25-100,raw,data_new_2\2\{leveling-2}_P{Nicole}_D{7.9.2026}_type{DD}_GS{2BDR-9F02}_Panel{GS-25-100}_Gloss{Flat}_0degrees (2).png
2.2,Nicole,7.9.2026,DD,2BDR-9F02,25-100,raw,data_new_2\2\{leveling-2}_P{Nicole}_D{7.9.2026}_type{DD}_GS{2BDR-9F02}_Panel{GS-25-100}_Gloss{Flat}_0degrees.png
2.2,Nicole,7.9.2026,DD,2BDR-9F02,25-100,flat,data_new_2\2\{leveling-2}_P{Nicole}_D{7.9.2026}_type{DD}_GS{2BDR-9F02}_Panel{GS-25-100}_Gloss{Flat}_0degrees_flat (1).png
2.2,Nicole,7.9.2026,DD,2BDR-9F02,25-100,flat,data_new_2\2\{leveling-2}_P{Nicole}_D{7.9.2026}_type{DD}_GS{2BDR-9F02}_Panel{GS-25-100}_Gloss{Flat}_0degrees_flat (2).png
2.2,Nicole,7.9.2026,DD,2BDR-9F02,25-100,flat,data_new_2\2\{leveling-2}_P{Nicole}_D{7.9.2026}_type{DD}_GS{2BDR-9F02}_Panel{GS-25-100}_Gloss{Flat}_0degrees_flat.png
2.2,Nicole,7.9.2026,DD,2BDR-9F02,25-101,raw,data_new_2\2\{leveling-2}_P{Nicole}_D{7.9.2026}_type{DD}_GS{2BDR-9F02}_Panel{GS-25-101}_Gloss{gloss}_0degrees (1).png
2.2,Nicole,7.9.2026,DD,2BDR-9F02,25-101,raw,data_new_2\2\{leveling-2}_P{Nicole}_D{7.9.2026}_type{DD}_GS{2BDR-9F02}_Panel{GS-25-101}_Gloss{gloss}_0degrees (2).png
2.2,Nicole,7.9.2026,DD,2BDR-9F02,25-101,raw,data_new_2\2\{leveling-2}_P{Nicole}_D{7.9.2026}_type{DD}_GS{2BDR-9F02}_Panel{GS-25-101}_Gloss{gloss}_0degrees.png
2.2,Nicole,7.9.2026,DD,2BDR-9F02,25-101,flat,data_new_2\2\{leveling-2}_P{Nicole}_D{7.9.2026}_type{DD}_GS{2BDR-9F02}_Panel{GS-25-101}_Gloss{gloss}_0degrees_flat (1).png
2.2,Nicole,7.9.2026,DD,2BDR-9F02,25-101,flat,data_new_2\2\{leveling-2}_P{Nicole}_D{7.9.2026}_type{DD}_GS{2BDR-9F02}_Panel{GS-25-101}_Gloss{gloss}_0degrees_flat (2).png
2.2,Nicole,7.9.2026,DD,2BDR-9F02,25-101,flat,data_new_2\2\{leveling-2}_P{Nicole}_D{7.9.2026}_type{DD}_GS{2BDR-9F02}_Panel{GS-25-101}_Gloss{gloss}_0degrees_flat.png
3.2,Chase,7.15.2026,DD,,25-120,raw,data_new_2\3\{leveling-3}_P{Chase}_D{7-15}_type{DD}_GS{25-120}_Panel{ID}_Gloss{flat}_0degrees (1).png
3.2,Chase,7.15.2026,DD,,25-120,raw,data_new_2\3\{leveling-3}_P{Chase}_D{7-15}_type{DD}_GS{25-120}_Panel{ID}_Gloss{flat}_0degrees (2).png
3.2,Chase,7.15.2026,DD,,25-120,raw,data_new_2\3\{leveling-3}_P{Chase}_D{7-15}_type{DD}_GS{25-120}_Panel{ID}_Gloss{flat}_0degrees.png
3.2,Chase,7.15.2026,DD,,25-120,flat,data_new_2\3\{leveling-3}_P{Chase}_D{7-15}_type{DD}_GS{25-120}_Panel{ID}_Gloss{flat}_0degrees_flat (1).png
3.2,Chase,7.15.2026,DD,,25-120,flat,data_new_2\3\{leveling-3}_P{Chase}_D{7-15}_type{DD}_GS{25-120}_Panel{ID}_Gloss{flat}_0degrees_flat (2).png
3.2,Chase,7.15.2026,DD,,25-120,flat,data_new_2\3\{leveling-3}_P{Chase}_D{7-15}_type{DD}_GS{25-120}_Panel{ID}_Gloss{flat}_0degrees_flat.png
3.2,Chase,7.15.2026,DD,,25-142,raw,data_new_2\3\{leveling-3}_P{Chase}_D{7-15}_type{DD}_GS{25-142}_Panel{ID}_Gloss{Gloss}_0degrees (1).png
3.2,Chase,7.15.2026,DD,,25-142,raw,data_new_2\3\{leveling-3}_P{Chase}_D{7-15}_type{DD}_GS{25-142}_Panel{ID}_Gloss{Gloss}_0degrees (2).png
3.2,Chase,7.15.2026,DD,,25-142,raw,data_new_2\3\{leveling-3}_P{Chase}_D{7-15}_type{DD}_GS{25-142}_Panel{ID}_Gloss{Gloss}_0degrees.png
3.2,Chase,7.15.2026,DD,,25-142,flat,data_new_2\3\{leveling-3}_P{Chase}_D{7-15}_type{DD}_GS{25-142}_Panel{ID}_Gloss{Gloss}_0degrees_flat (1).png
3.2,Chase,7.15.2026,DD,,25-142,flat,data_new_2\3\{leveling-3}_P{Chase}_D{7-15}_type{DD}_GS{25-142}_Panel{ID}_Gloss{Gloss}_0degrees_flat (2).png
3.2,Chase,7.15.2026,DD,,25-142,flat,data_new_2\3\{leveling-3}_P{Chase}_D{7-15}_type{DD}_GS{25-142}_Panel{ID}_Gloss{Gloss}_0degrees_flat.png
3.2,Nicole,7.9.2026,DD,2BDR-9F02,25-120,raw,data_new_2\3\{leveling-3}_P{Nicole}_D{7.9.2026}_type{DD}_GS{2BDR-9F02}_Panel{GS-25-120}_Gloss{Flat}_0degrees (1).png
3.2,Nicole,7.9.2026,DD,2BDR-9F02,25-120,raw,data_new_2\3\{leveling-3}_P{Nicole}_D{7.9.2026}_type{DD}_GS{2BDR-9F02}_Panel{GS-25-120}_Gloss{Flat}_0degrees (2).png
3.2,Nicole,7.9.2026,DD,2BDR-9F02,25-120,raw,data_new_2\3\{leveling-3}_P{Nicole}_D{7.9.2026}_type{DD}_GS{2BDR-9F02}_Panel{GS-25-120}_Gloss{Flat}_0degrees.png
3.2,Nicole,7.9.2026,DD,2BDR-9F02,25-120,flat,data_new_2\3\{leveling-3}_P{Nicole}_D{7.9.2026}_type{DD}_GS{2BDR-9F02}_Panel{GS-25-120}_Gloss{Flat}_0degrees_flat (1).png
3.2,Nicole,7.9.2026,DD,2BDR-9F02,25-120,flat,data_new_2\3\{leveling-3}_P{Nicole}_D{7.9.2026}_type{DD}_GS{2BDR-9F02}_Panel{GS-25-120}_Gloss{Flat}_0degrees_flat (2).png
3.2,Nicole,7.9.2026,DD,2BDR-9F02,25-120,flat,data_new_2\3\{leveling-3}_P{Nicole}_D{7.9.2026}_type{DD}_GS{2BDR-9F02}_Panel{GS-25-120}_Gloss{Flat}_0degrees_flat.png
3.2,Nicole,7.9.2026,DD,2BDR-9F02,25-142,raw,data_new_2\3\{leveling-3}_P{Nicole}_D{7.9.2026}_type{DD}_GS{2BDR-9F02}_Panel{GS-25-142}_Gloss{gloss}_0degrees (1).png
3.2,Nicole,7.9.2026,DD,2BDR-9F02,25-142,raw,data_new_2\3\{leveling-3}_P{Nicole}_D{7.9.2026}_type{DD}_GS{2BDR-9F02}_Panel{GS-25-142}_Gloss{gloss}_0degrees (2).png
3.2,Nicole,7.9.2026,DD,2BDR-9F02,25-142,raw,data_new_2\3\{leveling-3}_P{Nicole}_D{7.9.2026}_type{DD}_GS{2BDR-9F02}_Panel{GS-25-142}_Gloss{gloss}_0degrees.png
3.2,Nicole,7.9.2026,DD,2BDR-9F02,25-142,flat,data_new_2\3\{leveling-3}_P{Nicole}_D{7.9.2026}_type{DD}_GS{2BDR-9F02}_Panel{GS-25-142}_Gloss{gloss}_0degrees_flat (1).png
3.2,Nicole,7.9.2026,DD,2BDR-9F02,25-142,flat,data_new_2\3\{leveling-3}_P{Nicole}_D{7.9.2026}_type{DD}_GS{2BDR-9F02}_Panel{GS-25-142}_Gloss{gloss}_0degrees_flat (2).png
3.2,Nicole,7.9.2026,DD,2BDR-9F02,25-142,flat,data_new_2\3\{leveling-3}_P{Nicole}_D{7.9.2026}_type{DD}_GS{2BDR-9F02}_Panel{GS-25-142}_Gloss{gloss}_0degrees_flat.png
4.0,Chase,7.15.2026,DD,,25-110,raw,data_new_2\4\{leveling-4}_P{Chase}_D{7-15}_type{DD}_GS{25-110}_Panel{ID}_Gloss{flat}_0degrees (1).png
4.0,Chase,7.15.2026,DD,,25-110,raw,data_new_2\4\{leveling-4}_P{Chase}_D{7-15}_type{DD}_GS{25-110}_Panel{ID}_Gloss{flat}_0degrees (2).png
4.0,Chase,7.15.2026,DD,,25-110,raw,data_new_2\4\{leveling-4}_P{Chase}_D{7-15}_type{DD}_GS{25-110}_Panel{ID}_Gloss{flat}_0degrees.png
4.0,Chase,7.15.2026,DD,,25-110,flat,data_new_2\4\{leveling-4}_P{Chase}_D{7-15}_type{DD}_GS{25-110}_Panel{ID}_Gloss{flat}_0degrees_flat (1).png
4.0,Chase,7.15.2026,DD,,25-110,flat,data_new_2\4\{leveling-4}_P{Chase}_D{7-15}_type{DD}_GS{25-110}_Panel{ID}_Gloss{flat}_0degrees_flat (2).png
4.0,Chase,7.15.2026,DD,,25-110,flat,data_new_2\4\{leveling-4}_P{Chase}_D{7-15}_type{DD}_GS{25-110}_Panel{ID}_Gloss{flat}_0degrees_flat.png
4.2,Chase,7.15.2026,DD,,25-145,raw,data_new_2\4\{leveling-4}_P{Chase}_D{7-15}_type{DD}_GS{25-145}_Panel{ID}_Gloss{Gloss}_0degrees (1).png
4.2,Chase,7.15.2026,DD,,25-145,raw,data_new_2\4\{leveling-4}_P{Chase}_D{7-15}_type{DD}_GS{25-145}_Panel{ID}_Gloss{Gloss}_0degrees (2).png
4.2,Chase,7.15.2026,DD,,25-145,raw,data_new_2\4\{leveling-4}_P{Chase}_D{7-15}_type{DD}_GS{25-145}_Panel{ID}_Gloss{Gloss}_0degrees.png
4.2,Chase,7.15.2026,DD,,25-145,flat,data_new_2\4\{leveling-4}_P{Chase}_D{7-15}_type{DD}_GS{25-145}_Panel{ID}_Gloss{Gloss}_0degrees_flat (1).png
4.2,Chase,7.15.2026,DD,,25-145,flat,data_new_2\4\{leveling-4}_P{Chase}_D{7-15}_type{DD}_GS{25-145}_Panel{ID}_Gloss{Gloss}_0degrees_flat (2).png
4.2,Chase,7.15.2026,DD,,25-145,flat,data_new_2\4\{leveling-4}_P{Chase}_D{7-15}_type{DD}_GS{25-145}_Panel{ID}_Gloss{Gloss}_0degrees_flat.png
4.0,Nicole,7.9.2026,DD,2BDR-9F02,25-110,raw,data_new_2\4\{leveling-4}_P{Nicole}_D{7.9.2026}_type{DD}_GS{2BDR-9F02}_Panel{GS-25-110}_Gloss{Flat}_0degrees (1).png
4.0,Nicole,7.9.2026,DD,2BDR-9F02,25-110,raw,data_new_2\4\{leveling-4}_P{Nicole}_D{7.9.2026}_type{DD}_GS{2BDR-9F02}_Panel{GS-25-110}_Gloss{Flat}_0degrees (2).png
4.0,Nicole,7.9.2026,DD,2BDR-9F02,25-110,raw,data_new_2\4\{leveling-4}_P{Nicole}_D{7.9.2026}_type{DD}_GS{2BDR-9F02}_Panel{GS-25-110}_Gloss{Flat}_0degrees.png
4.0,Nicole,7.9.2026,DD,2BDR-9F02,25-110,flat,data_new_2\4\{leveling-4}_P{Nicole}_D{7.9.2026}_type{DD}_GS{2BDR-9F02}_Panel{GS-25-110}_Gloss{Flat}_0degrees_flat (1).png
4.0,Nicole,7.9.2026,DD,2BDR-9F02,25-110,flat,data_new_2\4\{leveling-4}_P{Nicole}_D{7.9.2026}_type{DD}_GS{2BDR-9F02}_Panel{GS-25-110}_Gloss{Flat}_0degrees_flat (2).png
4.0,Nicole,7.9.2026,DD,2BDR-9F02,25-110,flat,data_new_2\4\{leveling-4}_P{Nicole}_D{7.9.2026}_type{DD}_GS{2BDR-9F02}_Panel{GS-25-110}_Gloss{Flat}_0degrees_flat.png
4.2,Nicole,7.9.2026,DD,2BDR-9F02,25-145,raw,data_new_2\4\{leveling-4}_P{Nicole}_D{7.9.2026}_type{DD}_GS{2BDR-9F02}_Panel{GS-25-145}_Gloss{gloss}_0degrees (1).png
4.2,Nicole,7.9.2026,DD,2BDR-9F02,25-145,raw,data_new_2\4\{leveling-4}_P{Nicole}_D{7.9.2026}_type{DD}_GS{2BDR-9F02}_Panel{GS-25-145}_Gloss{gloss}_0degrees (2).png
4.2,Nicole,7.9.2026,DD,2BDR-9F02,25-145,raw,data_new_2\4\{leveling-4}_P{Nicole}_D{7.9.2026}_type{DD}_GS{2BDR-9F02}_Panel{GS-25-145}_Gloss{gloss}_0degrees.png
4.2,Nicole,7.9.2026,DD,2BDR-9F02,25-145,flat,data_new_2\4\{leveling-4}_P{Nicole}_D{7.9.2026}_type{DD}_GS{2BDR-9F02}_Panel{GS-25-145}_Gloss{gloss}_0degrees_flat (1).png
4.2,Nicole,7.9.2026,DD,2BDR-9F02,25-145,flat,data_new_2\4\{leveling-4}_P{Nicole}_D{7.9.2026}_type{DD}_GS{2BDR-9F02}_Panel{GS-25-145}_Gloss{gloss}_0degrees_flat (2).png
4.2,Nicole,7.9.2026,DD,2BDR-9F02,25-145,flat,data_new_2\4\{leveling-4}_P{Nicole}_D{7.9.2026}_type{DD}_GS{2BDR-9F02}_Panel{GS-25-145}_Gloss{gloss}_0degrees_flat.png
5.2,Chase,7.15.2026,DD,,25-115,raw,data_new_2\5\{leveling-5}_P{Chase}_D{7-15}_type{DD}_GS{25-115}_Panel{ID}_Gloss{Gloss}_0degrees (1).png
5.2,Chase,7.15.2026,DD,,25-115,raw,data_new_2\5\{leveling-5}_P{Chase}_D{7-15}_type{DD}_GS{25-115}_Panel{ID}_Gloss{Gloss}_0degrees (2).png
5.2,Chase,7.15.2026,DD,,25-115,raw,data_new_2\5\{leveling-5}_P{Chase}_D{7-15}_type{DD}_GS{25-115}_Panel{ID}_Gloss{Gloss}_0degrees.png
5.2,Chase,7.15.2026,DD,,25-115,flat,data_new_2\5\{leveling-5}_P{Chase}_D{7-15}_type{DD}_GS{25-115}_Panel{ID}_Gloss{Gloss}_0degrees_flat (1).png
5.2,Chase,7.15.2026,DD,,25-115,flat,data_new_2\5\{leveling-5}_P{Chase}_D{7-15}_type{DD}_GS{25-115}_Panel{ID}_Gloss{Gloss}_0degrees_flat (2).png
5.2,Chase,7.15.2026,DD,,25-115,flat,data_new_2\5\{leveling-5}_P{Chase}_D{7-15}_type{DD}_GS{25-115}_Panel{ID}_Gloss{Gloss}_0degrees_flat.png
5.2,Chase,7.15.2026,DD,,25-144,raw,data_new_2\5\{leveling-5}_P{Chase}_D{7-15}_type{DD}_GS{25-144}_Panel{ID}_Gloss{flat}_0degrees (1).png
5.2,Chase,7.15.2026,DD,,25-144,raw,data_new_2\5\{leveling-5}_P{Chase}_D{7-15}_type{DD}_GS{25-144}_Panel{ID}_Gloss{flat}_0degrees (2).png
5.2,Chase,7.15.2026,DD,,25-144,raw,data_new_2\5\{leveling-5}_P{Chase}_D{7-15}_type{DD}_GS{25-144}_Panel{ID}_Gloss{flat}_0degrees.png
5.2,Chase,7.15.2026,DD,,25-144,flat,data_new_2\5\{leveling-5}_P{Chase}_D{7-15}_type{DD}_GS{25-144}_Panel{ID}_Gloss{flat}_0degrees_flat (1).png
5.2,Chase,7.15.2026,DD,,25-144,flat,data_new_2\5\{leveling-5}_P{Chase}_D{7-15}_type{DD}_GS{25-144}_Panel{ID}_Gloss{flat}_0degrees_flat (2).png
5.2,Chase,7.15.2026,DD,,25-144,flat,data_new_2\5\{leveling-5}_P{Chase}_D{7-15}_type{DD}_GS{25-144}_Panel{ID}_Gloss{flat}_0degrees_flat.png
5.2,Nicole,7.9.2026,DD,2BDR-9F02,25-115,raw,data_new_2\5\{leveling-5}_P{Nicole}_D{7.9.2026}_type{DD}_GS{2BDR-9F02}_Panel{GS-25-115}_Gloss{gloss}_0degrees (1).png
5.2,Nicole,7.9.2026,DD,2BDR-9F02,25-115,raw,data_new_2\5\{leveling-5}_P{Nicole}_D{7.9.2026}_type{DD}_GS{2BDR-9F02}_Panel{GS-25-115}_Gloss{gloss}_0degrees (2).png
5.2,Nicole,7.9.2026,DD,2BDR-9F02,25-115,raw,data_new_2\5\{leveling-5}_P{Nicole}_D{7.9.2026}_type{DD}_GS{2BDR-9F02}_Panel{GS-25-115}_Gloss{gloss}_0degrees.png
5.2,Nicole,7.9.2026,DD,2BDR-9F02,25-115,flat,data_new_2\5\{leveling-5}_P{Nicole}_D{7.9.2026}_type{DD}_GS{2BDR-9F02}_Panel{GS-25-115}_Gloss{gloss}_0degrees_flat (1).png
5.2,Nicole,7.9.2026,DD,2BDR-9F02,25-115,flat,data_new_2\5\{leveling-5}_P{Nicole}_D{7.9.2026}_type{DD}_GS{2BDR-9F02}_Panel{GS-25-115}_Gloss{gloss}_0degrees_flat (2).png
5.2,Nicole,7.9.2026,DD,2BDR-9F02,25-115,flat,data_new_2\5\{leveling-5}_P{Nicole}_D{7.9.2026}_type{DD}_GS{2BDR-9F02}_Panel{GS-25-115}_Gloss{gloss}_0degrees_flat.png
5.2,Nicole,7.9.2026,DD,2BDR-9F02,25-144,raw,data_new_2\5\{leveling-5}_P{Nicole}_D{7.9.2026}_type{DD}_GS{2BDR-9F02}_Panel{GS-25-144}_Gloss{Flat}_0degrees (1).png
5.2,Nicole,7.9.2026,DD,2BDR-9F02,25-144,raw,data_new_2\5\{leveling-5}_P{Nicole}_D{7.9.2026}_type{DD}_GS{2BDR-9F02}_Panel{GS-25-144}_Gloss{Flat}_0degrees (2).png
5.2,Nicole,7.9.2026,DD,2BDR-9F02,25-144,raw,data_new_2\5\{leveling-5}_P{Nicole}_D{7.9.2026}_type{DD}_GS{2BDR-9F02}_Panel{GS-25-144}_Gloss{Flat}_0degrees.png
5.2,Nicole,7.9.2026,DD,2BDR-9F02,25-144,flat,data_new_2\5\{leveling-5}_P{Nicole}_D{7.9.2026}_type{DD}_GS{2BDR-9F02}_Panel{GS-25-144}_Gloss{Flat}_0degrees_flat (1).png
5.2,Nicole,7.9.2026,DD,2BDR-9F02,25-144,flat,data_new_2\5\{leveling-5}_P{Nicole}_D{7.9.2026}_type{DD}_GS{2BDR-9F02}_Panel{GS-25-144}_Gloss{Flat}_0degrees_flat (2).png
5.2,Nicole,7.9.2026,DD,2BDR-9F02,25-144,flat,data_new_2\5\{leveling-5}_P{Nicole}_D{7.9.2026}_type{DD}_GS{2BDR-9F02}_Panel{GS-25-144}_Gloss{Flat}_0degrees_flat.png
6.7,Chase,7.15.2026,DD,,25-132,raw,data_new_2\6\{leveling-6}_P{Chase}_D{7-15}_type{DD}_GS{25-132}_Panel{ID}_Gloss{Gloss}_0degrees (1).png
6.7,Chase,7.15.2026,DD,,25-132,raw,data_new_2\6\{leveling-6}_P{Chase}_D{7-15}_type{DD}_GS{25-132}_Panel{ID}_Gloss{Gloss}_0degrees (2).png
6.7,Chase,7.15.2026,DD,,25-132,raw,data_new_2\6\{leveling-6}_P{Chase}_D{7-15}_type{DD}_GS{25-132}_Panel{ID}_Gloss{Gloss}_0degrees.png
6.7,Chase,7.15.2026,DD,,25-132,flat,data_new_2\6\{leveling-6}_P{Chase}_D{7-15}_type{DD}_GS{25-132}_Panel{ID}_Gloss{Gloss}_0degrees_flat (1).png
6.7,Chase,7.15.2026,DD,,25-132,flat,data_new_2\6\{leveling-6}_P{Chase}_D{7-15}_type{DD}_GS{25-132}_Panel{ID}_Gloss{Gloss}_0degrees_flat (2).png
6.7,Chase,7.15.2026,DD,,25-132,flat,data_new_2\6\{leveling-6}_P{Chase}_D{7-15}_type{DD}_GS{25-132}_Panel{ID}_Gloss{Gloss}_0degrees_flat.png
6.3,Chase,7.15.2026,DD,,25-136,raw,data_new_2\6\{leveling-6}_P{Chase}_D{7-15}_type{DD}_GS{25-136}_Panel{ID}_Gloss{flat}_0degrees (1).png
6.3,Chase,7.15.2026,DD,,25-136,raw,data_new_2\6\{leveling-6}_P{Chase}_D{7-15}_type{DD}_GS{25-136}_Panel{ID}_Gloss{flat}_0degrees (2).png
6.3,Chase,7.15.2026,DD,,25-136,raw,data_new_2\6\{leveling-6}_P{Chase}_D{7-15}_type{DD}_GS{25-136}_Panel{ID}_Gloss{flat}_0degrees.png
6.3,Chase,7.15.2026,DD,,25-136,flat,data_new_2\6\{leveling-6}_P{Chase}_D{7-15}_type{DD}_GS{25-136}_Panel{ID}_Gloss{flat}_0degrees_flat (1).png
6.3,Chase,7.15.2026,DD,,25-136,flat,data_new_2\6\{leveling-6}_P{Chase}_D{7-15}_type{DD}_GS{25-136}_Panel{ID}_Gloss{flat}_0degrees_flat (2).png
6.3,Chase,7.15.2026,DD,,25-136,flat,data_new_2\6\{leveling-6}_P{Chase}_D{7-15}_type{DD}_GS{25-136}_Panel{ID}_Gloss{flat}_0degrees_flat.png
6.7,Nicole,7.9.2026,DD,2BDR-9F02,25-132,raw,data_new_2\6\{leveling-6}_P{Nicole}_D{7.9.2026}_type{DD}_GS{2BDR-9F02}_Panel{GS-25-132}_Gloss{gloss}_0degrees (1).png
6.7,Nicole,7.9.2026,DD,2BDR-9F02,25-132,raw,data_new_2\6\{leveling-6}_P{Nicole}_D{7.9.2026}_type{DD}_GS{2BDR-9F02}_Panel{GS-25-132}_Gloss{gloss}_0degrees (2).png
6.7,Nicole,7.9.2026,DD,2BDR-9F02,25-132,raw,data_new_2\6\{leveling-6}_P{Nicole}_D{7.9.2026}_type{DD}_GS{2BDR-9F02}_Panel{GS-25-132}_Gloss{gloss}_0degrees.png
6.7,Nicole,7.9.2026,DD,2BDR-9F02,25-132,flat,data_new_2\6\{leveling-6}_P{Nicole}_D{7.9.2026}_type{DD}_GS{2BDR-9F02}_Panel{GS-25-132}_Gloss{gloss}_0degrees_flat (1).png
6.7,Nicole,7.9.2026,DD,2BDR-9F02,25-132,flat,data_new_2\6\{leveling-6}_P{Nicole}_D{7.9.2026}_type{DD}_GS{2BDR-9F02}_Panel{GS-25-132}_Gloss{gloss}_0degrees_flat (2).png
6.7,Nicole,7.9.2026,DD,2BDR-9F02,25-132,flat,data_new_2\6\{leveling-6}_P{Nicole}_D{7.9.2026}_type{DD}_GS{2BDR-9F02}_Panel{GS-25-132}_Gloss{gloss}_0degrees_flat.png
6.3,Nicole,7.9.2026,DD,2BDR-9F02,25-136,raw,data_new_2\6\{leveling-6}_P{Nicole}_D{7.9.2026}_type{DD}_GS{2BDR-9F02}_Panel{GS-25-136}_Gloss{Flat}_0degrees (1).png
6.3,Nicole,7.9.2026,DD,2BDR-9F02,25-136,raw,data_new_2\6\{leveling-6}_P{Nicole}_D{7.9.2026}_type{DD}_GS{2BDR-9F02}_Panel{GS-25-136}_Gloss{Flat}_0degrees (2).png
6.3,Nicole,7.9.2026,DD,2BDR-9F02,25-136,raw,data_new_2\6\{leveling-6}_P{Nicole}_D{7.9.2026}_type{DD}_GS{2BDR-9F02}_Panel{GS-25-136}_Gloss{Flat}_0degrees.png
6.3,Nicole,7.9.2026,DD,2BDR-9F02,25-136,flat,data_new_2\6\{leveling-6}_P{Nicole}_D{7.9.2026}_type{DD}_GS{2BDR-9F02}_Panel{GS-25-136}_Gloss{Flat}_0degrees_flat (1).png
6.3,Nicole,7.9.2026,DD,2BDR-9F02,25-136,flat,data_new_2\6\{leveling-6}_P{Nicole}_D{7.9.2026}_type{DD}_GS{2BDR-9F02}_Panel{GS-25-136}_Gloss{Flat}_0degrees_flat (2).png
6.3,Nicole,7.9.2026,DD,2BDR-9F02,25-136,flat,data_new_2\6\{leveling-6}_P{Nicole}_D{7.9.2026}_type{DD}_GS{2BDR-9F02}_Panel{GS-25-136}_Gloss{Flat}_0degrees_flat.png
7.2,Chase,7.15.2026,DD,,25-107,raw,data_new_2\7\{leveling-7}_P{Chase}_D{7-15}_type{DD}_GS{25-107}_Panel{ID}_Gloss{flat}_0degrees (1).png
7.2,Chase,7.15.2026,DD,,25-107,raw,data_new_2\7\{leveling-7}_P{Chase}_D{7-15}_type{DD}_GS{25-107}_Panel{ID}_Gloss{Flat}_0degrees (2).png
7.2,Chase,7.15.2026,DD,,25-107,raw,data_new_2\7\{leveling-7}_P{Chase}_D{7-15}_type{DD}_GS{25-107}_Panel{ID}_Gloss{flat}_0degrees.png
7.2,Chase,7.15.2026,DD,,25-107,flat,data_new_2\7\{leveling-7}_P{Chase}_D{7-15}_type{DD}_GS{25-107}_Panel{ID}_Gloss{flat}_0degrees_flat (1).png
7.2,Chase,7.15.2026,DD,,25-107,flat,data_new_2\7\{leveling-7}_P{Chase}_D{7-15}_type{DD}_GS{25-107}_Panel{ID}_Gloss{Flat}_0degrees_flat (2).png
7.2,Chase,7.15.2026,DD,,25-107,flat,data_new_2\7\{leveling-7}_P{Chase}_D{7-15}_type{DD}_GS{25-107}_Panel{ID}_Gloss{flat}_0degrees_flat.png
7.2,Chase,7.15.2026,DD,,25-128,raw,data_new_2\7\{leveling-7}_P{Chase}_D{7-15}_type{DD}_GS{25-128}_Panel{ID}_Gloss{Gloss}_0degrees (1).png
7.2,Chase,7.15.2026,DD,,25-128,raw,data_new_2\7\{leveling-7}_P{Chase}_D{7-15}_type{DD}_GS{25-128}_Panel{ID}_Gloss{Gloss}_0degrees (2).png
7.2,Chase,7.15.2026,DD,,25-128,raw,data_new_2\7\{leveling-7}_P{Chase}_D{7-15}_type{DD}_GS{25-128}_Panel{ID}_Gloss{Gloss}_0degrees.png
7.2,Chase,7.15.2026,DD,,25-128,flat,data_new_2\7\{leveling-7}_P{Chase}_D{7-15}_type{DD}_GS{25-128}_Panel{ID}_Gloss{Gloss}_0degrees_flat (1).png
7.2,Chase,7.15.2026,DD,,25-128,flat,data_new_2\7\{leveling-7}_P{Chase}_D{7-15}_type{DD}_GS{25-128}_Panel{ID}_Gloss{Gloss}_0degrees_flat (2).png
7.2,Chase,7.15.2026,DD,,25-128,flat,data_new_2\7\{leveling-7}_P{Chase}_D{7-15}_type{DD}_GS{25-128}_Panel{ID}_Gloss{Gloss}_0degrees_flat.png
7.2,Nicole,7.9.2026,DD,2BDR-9F02,25-107,raw,data_new_2\7\{leveling-7}_P{Nicole}_D{7.9.2026}_type{DD}_GS{2BDR-9F02}_Panel{GS-25-107}_Gloss{Flat}_0degrees (1).png
7.2,Nicole,7.9.2026,DD,2BDR-9F02,25-107,raw,data_new_2\7\{leveling-7}_P{Nicole}_D{7.9.2026}_type{DD}_GS{2BDR-9F02}_Panel{GS-25-107}_Gloss{Flat}_0degrees (2).png
7.2,Nicole,7.9.2026,DD,2BDR-9F02,25-107,raw,data_new_2\7\{leveling-7}_P{Nicole}_D{7.9.2026}_type{DD}_GS{2BDR-9F02}_Panel{GS-25-107}_Gloss{Flat}_0degrees.png
7.2,Nicole,7.9.2026,DD,2BDR-9F02,25-107,flat,data_new_2\7\{leveling-7}_P{Nicole}_D{7.9.2026}_type{DD}_GS{2BDR-9F02}_Panel{GS-25-107}_Gloss{Flat}_0degrees_flat (1).png
7.2,Nicole,7.9.2026,DD,2BDR-9F02,25-107,flat,data_new_2\7\{leveling-7}_P{Nicole}_D{7.9.2026}_type{DD}_GS{2BDR-9F02}_Panel{GS-25-107}_Gloss{Flat}_0degrees_flat (2).png
7.2,Nicole,7.9.2026,DD,2BDR-9F02,25-107,flat,data_new_2\7\{leveling-7}_P{Nicole}_D{7.9.2026}_type{DD}_GS{2BDR-9F02}_Panel{GS-25-107}_Gloss{Flat}_0degrees_flat.png
7.2,Nicole,7.9.2026,DD,2BDR-9F02,25-128,raw,data_new_2\7\{leveling-7}_P{Nicole}_D{7.9.2026}_type{DD}_GS{2BDR-9F02}_Panel{GS-25-128}_Gloss{gloss}_0degrees (1).png
7.2,Nicole,7.9.2026,DD,2BDR-9F02,25-128,raw,data_new_2\7\{leveling-7}_P{Nicole}_D{7.9.2026}_type{DD}_GS{2BDR-9F02}_Panel{GS-25-128}_Gloss{gloss}_0degrees (2).png
7.2,Nicole,7.9.2026,DD,2BDR-9F02,25-128,raw,data_new_2\7\{leveling-7}_P{Nicole}_D{7.9.2026}_type{DD}_GS{2BDR-9F02}_Panel{GS-25-128}_Gloss{gloss}_0degrees.png
7.2,Nicole,7.9.2026,DD,2BDR-9F02,25-128,flat,data_new_2\7\{leveling-7}_P{Nicole}_D{7.9.2026}_type{DD}_GS{2BDR-9F02}_Panel{GS-25-128}_Gloss{gloss}_0degrees_flat (1).png
7.2,Nicole,7.9.2026,DD,2BDR-9F02,25-128,flat,data_new_2\7\{leveling-7}_P{Nicole}_D{7.9.2026}_type{DD}_GS{2BDR-9F02}_Panel{GS-25-128}_Gloss{gloss}_0degrees_flat (2).png
7.2,Nicole,7.9.2026,DD,2BDR-9F02,25-128,flat,data_new_2\7\{leveling-7}_P{Nicole}_D{7.9.2026}_type{DD}_GS{2BDR-9F02}_Panel{GS-25-128}_Gloss{gloss}_0degrees_flat.png
8.3,Chase,7.15.2026,DD,,25-105,raw,data_new_2\8\{leveling-8}_P{Chase}_D{7-15}_type{DD}_GS{25-105}_Panel{ID}_Gloss{Gloss}_0degrees (1).png
8.3,Chase,7.15.2026,DD,,25-105,raw,data_new_2\8\{leveling-8}_P{Chase}_D{7-15}_type{DD}_GS{25-105}_Panel{ID}_Gloss{Gloss}_0degrees (2).png
8.3,Chase,7.15.2026,DD,,25-105,raw,data_new_2\8\{leveling-8}_P{Chase}_D{7-15}_type{DD}_GS{25-105}_Panel{ID}_Gloss{Gloss}_0degrees.png
8.3,Chase,7.15.2026,DD,,25-105,flat,data_new_2\8\{leveling-8}_P{Chase}_D{7-15}_type{DD}_GS{25-105}_Panel{ID}_Gloss{Gloss}_0degrees_flat (1).png
8.3,Chase,7.15.2026,DD,,25-105,flat,data_new_2\8\{leveling-8}_P{Chase}_D{7-15}_type{DD}_GS{25-105}_Panel{ID}_Gloss{Gloss}_0degrees_flat (2).png
8.3,Chase,7.15.2026,DD,,25-105,flat,data_new_2\8\{leveling-8}_P{Chase}_D{7-15}_type{DD}_GS{25-105}_Panel{ID}_Gloss{Gloss}_0degrees_flat.png
8.3,Chase,7.15.2026,DD,,25-147,raw,data_new_2\8\{leveling-8}_P{Chase}_D{7-15}_type{DD}_GS{25-147}_Panel{ID}_Gloss{flat}_0degrees (1).png
8.3,Chase,7.15.2026,DD,,25-147,raw,data_new_2\8\{leveling-8}_P{Chase}_D{7-15}_type{DD}_GS{25-147}_Panel{ID}_Gloss{flat}_0degrees (2).png
8.3,Chase,7.15.2026,DD,,25-147,raw,data_new_2\8\{leveling-8}_P{Chase}_D{7-15}_type{DD}_GS{25-147}_Panel{ID}_Gloss{flat}_0degrees.png
8.3,Chase,7.15.2026,DD,,25-147,flat,data_new_2\8\{leveling-8}_P{Chase}_D{7-15}_type{DD}_GS{25-147}_Panel{ID}_Gloss{flat}_0degrees_flat (1).png
8.3,Chase,7.15.2026,DD,,25-147,flat,data_new_2\8\{leveling-8}_P{Chase}_D{7-15}_type{DD}_GS{25-147}_Panel{ID}_Gloss{flat}_0degrees_flat (2).png
8.3,Chase,7.15.2026,DD,,25-147,flat,data_new_2\8\{leveling-8}_P{Chase}_D{7-15}_type{DD}_GS{25-147}_Panel{ID}_Gloss{flat}_0degrees_flat.png
8.3,Nicole,7.9.2026,DD,2BDR-9F02,25-105,raw,data_new_2\8\{leveling-8}_P{Nicole}_D{7.9.2026}_type{DD}_GS{2BDR-9F02}_Panel{GS-25-105}_Gloss{gloss}_0degrees (1).png
8.3,Nicole,7.9.2026,DD,2BDR-9F02,25-105,raw,data_new_2\8\{leveling-8}_P{Nicole}_D{7.9.2026}_type{DD}_GS{2BDR-9F02}_Panel{GS-25-105}_Gloss{gloss}_0degrees (2).png
8.3,Nicole,7.9.2026,DD,2BDR-9F02,25-105,raw,data_new_2\8\{leveling-8}_P{Nicole}_D{7.9.2026}_type{DD}_GS{2BDR-9F02}_Panel{GS-25-105}_Gloss{gloss}_0degrees.png
8.3,Nicole,7.9.2026,DD,2BDR-9F02,25-105,flat,data_new_2\8\{leveling-8}_P{Nicole}_D{7.9.2026}_type{DD}_GS{2BDR-9F02}_Panel{GS-25-105}_Gloss{gloss}_0degrees_flat (1).png
8.3,Nicole,7.9.2026,DD,2BDR-9F02,25-105,flat,data_new_2\8\{leveling-8}_P{Nicole}_D{7.9.2026}_type{DD}_GS{2BDR-9F02}_Panel{GS-25-105}_Gloss{gloss}_0degrees_flat (2).png
8.3,Nicole,7.9.2026,DD,2BDR-9F02,25-105,flat,data_new_2\8\{leveling-8}_P{Nicole}_D{7.9.2026}_type{DD}_GS{2BDR-9F02}_Panel{GS-25-105}_Gloss{gloss}_0degrees_flat.png
8.3,Nicole,7.9.2026,DD,2BDR-9F02,25-147,raw,data_new_2\8\{leveling-8}_P{Nicole}_D{7.9.2026}_type{DD}_GS{2BDR-9F02}_Panel{GS-25-147}_Gloss{Flat}_0degrees (1).png
8.3,Nicole,7.9.2026,DD,2BDR-9F02,25-147,raw,data_new_2\8\{leveling-8}_P{Nicole}_D{7.9.2026}_type{DD}_GS{2BDR-9F02}_Panel{GS-25-147}_Gloss{Flat}_0degrees (2).png
8.3,Nicole,7.9.2026,DD,2BDR-9F02,25-147,raw,data_new_2\8\{leveling-8}_P{Nicole}_D{7.9.2026}_type{DD}_GS{2BDR-9F02}_Panel{GS-25-147}_Gloss{Flat}_0degrees.png
8.3,Nicole,7.9.2026,DD,2BDR-9F02,25-147,flat,data_new_2\8\{leveling-8}_P{Nicole}_D{7.9.2026}_type{DD}_GS{2BDR-9F02}_Panel{GS-25-147}_Gloss{Flat}_0degrees_flat (1).png
8.3,Nicole,7.9.2026,DD,2BDR-9F02,25-147,flat,data_new_2\8\{leveling-8}_P{Nicole}_D{7.9.2026}_type{DD}_GS{2BDR-9F02}_Panel{GS-25-147}_Gloss{Flat}_0degrees_flat (2).png
8.3,Nicole,7.9.2026,DD,2BDR-9F02,25-147,flat,data_new_2\8\{leveling-8}_P{Nicole}_D{7.9.2026}_type{DD}_GS{2BDR-9F02}_Panel{GS-25-147}_Gloss{Flat}_0degrees_flat.png
9.5,Chase,7.15.2026,DD,,25-124,raw,data_new_2\9\{leveling-9}_P{Chase}_D{7-15}_type{DD}_GS{25-124}_Panel{ID}_Gloss{flat}_0degrees (1).png
9.5,Chase,7.15.2026,DD,,25-124,raw,data_new_2\9\{leveling-9}_P{Chase}_D{7-15}_type{DD}_GS{25-124}_Panel{ID}_Gloss{flat}_0degrees (2).png
9.5,Chase,7.15.2026,DD,,25-124,raw,data_new_2\9\{leveling-9}_P{Chase}_D{7-15}_type{DD}_GS{25-124}_Panel{ID}_Gloss{flat}_0degrees.png
9.5,Chase,7.15.2026,DD,,25-124,flat,data_new_2\9\{leveling-9}_P{Chase}_D{7-15}_type{DD}_GS{25-124}_Panel{ID}_Gloss{flat}_0degrees_flat (1).png
9.5,Chase,7.15.2026,DD,,25-124,flat,data_new_2\9\{leveling-9}_P{Chase}_D{7-15}_type{DD}_GS{25-124}_Panel{ID}_Gloss{flat}_0degrees_flat (2).png
9.5,Chase,7.15.2026,DD,,25-124,flat,data_new_2\9\{leveling-9}_P{Chase}_D{7-15}_type{DD}_GS{25-124}_Panel{ID}_Gloss{flat}_0degrees_flat.png
9.0,Chase,7.15.2026,DD,,25-135,raw,data_new_2\9\{leveling-9}_P{Chase}_D{7-15}_type{DD}_GS{25-135}_Panel{ID}_Gloss{Gloss}_0degrees (1).png
9.0,Chase,7.15.2026,DD,,25-135,raw,data_new_2\9\{leveling-9}_P{Chase}_D{7-15}_type{DD}_GS{25-135}_Panel{ID}_Gloss{Gloss}_0degrees (2).png
9.0,Chase,7.15.2026,DD,,25-135,raw,data_new_2\9\{leveling-9}_P{Chase}_D{7-15}_type{DD}_GS{25-135}_Panel{ID}_Gloss{Gloss}_0degrees.png
9.0,Chase,7.15.2026,DD,,25-135,flat,data_new_2\9\{leveling-9}_P{Chase}_D{7-15}_type{DD}_GS{25-135}_Panel{ID}_Gloss{Gloss}_0degrees_flat (1).png
9.0,Chase,7.15.2026,DD,,25-135,flat,data_new_2\9\{leveling-9}_P{Chase}_D{7-15}_type{DD}_GS{25-135}_Panel{ID}_Gloss{Gloss}_0degrees_flat (2).png
9.0,Chase,7.15.2026,DD,,25-135,flat,data_new_2\9\{leveling-9}_P{Chase}_D{7-15}_type{DD}_GS{25-135}_Panel{ID}_Gloss{Gloss}_0degrees_flat.png
9.5,Nicole,7.9.2026,DD,2BDR-9F02,25-124,raw,data_new_2\9\{leveling-9}_P{Nicole}_D{7.9.2026}_type{DD}_GS{2BDR-9F02}_Panel{GS-25-124}_Gloss{Flat}_0degrees (1).png
9.5,Nicole,7.9.2026,DD,2BDR-9F02,25-124,raw,data_new_2\9\{leveling-9}_P{Nicole}_D{7.9.2026}_type{DD}_GS{2BDR-9F02}_Panel{GS-25-124}_Gloss{Flat}_0degrees (2).png
9.5,Nicole,7.9.2026,DD,2BDR-9F02,25-124,raw,data_new_2\9\{leveling-9}_P{Nicole}_D{7.9.2026}_type{DD}_GS{2BDR-9F02}_Panel{GS-25-124}_Gloss{Flat}_0degrees.png
9.5,Nicole,7.9.2026,DD,2BDR-9F02,25-124,flat,data_new_2\9\{leveling-9}_P{Nicole}_D{7.9.2026}_type{DD}_GS{2BDR-9F02}_Panel{GS-25-124}_Gloss{Flat}_0degrees_flat (1).png
9.5,Nicole,7.9.2026,DD,2BDR-9F02,25-124,flat,data_new_2\9\{leveling-9}_P{Nicole}_D{7.9.2026}_type{DD}_GS{2BDR-9F02}_Panel{GS-25-124}_Gloss{Flat}_0degrees_flat (2).png
9.5,Nicole,7.9.2026,DD,2BDR-9F02,25-124,flat,data_new_2\9\{leveling-9}_P{Nicole}_D{7.9.2026}_type{DD}_GS{2BDR-9F02}_Panel{GS-25-124}_Gloss{Flat}_0degrees_flat.png
9.0,Nicole,7.9.2026,DD,2BDR-9F02,25-135,raw,data_new_2\9\{leveling-9}_P{Nicole}_D{7.9.2026}_type{DD}_GS{2BDR-9F02}_Panel{GS-25-135}_Gloss{gloss}_0degrees (1).png
9.0,Nicole,7.9.2026,DD,2BDR-9F02,25-135,raw,data_new_2\9\{leveling-9}_P{Nicole}_D{7.9.2026}_type{DD}_GS{2BDR-9F02}_Panel{GS-25-135}_Gloss{gloss}_0degrees (2).png
9.0,Nicole,7.9.2026,DD,2BDR-9F02,25-135,raw,data_new_2\9\{leveling-9}_P{Nicole}_D{7.9.2026}_type{DD}_GS{2BDR-9F02}_Panel{GS-25-135}_Gloss{gloss}_0degrees.png
9.0,Nicole,7.9.2026,DD,2BDR-9F02,25-135,flat,data_new_2\9\{leveling-9}_P{Nicole}_D{7.9.2026}_type{DD}_GS{2BDR-9F02}_Panel{GS-25-135}_Gloss{gloss}_0degrees_flat (1).png
9.0,Nicole,7.9.2026,DD,2BDR-9F02,25-135,flat,data_new_2\9\{leveling-9}_P{Nicole}_D{7.9.2026}_type{DD}_GS{2BDR-9F02}_Panel{GS-25-135}_Gloss{gloss}_0degrees_flat (2).png
9.0,Nicole,7.9.2026,DD,2BDR-9F02,25-135,flat,data_new_2\9\{leveling-9}_P{Nicole}_D{7.9.2026}_type{DD}_GS{2BDR-9F02}_Panel{GS-25-135}_Gloss{gloss}_0degrees_flat.png
9.5,Chase,7.15.2026,DD,,25-134,raw,data_new_2\10\{leveling-10}_P{Chase}_D{7-15}_type{DD}_GS{25-134}_Panel{ID}_Gloss{flat}_0degrees (1).png
9.5,Chase,7.15.2026,DD,,25-134,raw,data_new_2\10\{leveling-10}_P{Chase}_D{7-15}_type{DD}_GS{25-134}_Panel{ID}_Gloss{flat}_0degrees (2).png
9.5,Chase,7.15.2026,DD,,25-134,raw,data_new_2\10\{leveling-10}_P{Chase}_D{7-15}_type{DD}_GS{25-134}_Panel{ID}_Gloss{flat}_0degrees.png
9.5,Chase,7.15.2026,DD,,25-134,flat,data_new_2\10\{leveling-10}_P{Chase}_D{7-15}_type{DD}_GS{25-134}_Panel{ID}_Gloss{flat}_0degrees_flat (1).png
9.5,Chase,7.15.2026,DD,,25-134,flat,data_new_2\10\{leveling-10}_P{Chase}_D{7-15}_type{DD}_GS{25-134}_Panel{ID}_Gloss{flat}_0degrees_flat (2).png
9.5,Chase,7.15.2026,DD,,25-134,flat,data_new_2\10\{leveling-10}_P{Chase}_D{7-15}_type{DD}_GS{25-134}_Panel{ID}_Gloss{flat}_0degrees_flat.png
10.0,Chase,7.15.2026,DD,,25-154,raw,data_new_2\10\{leveling-10}_P{Chase}_D{7-15}_type{DD}_GS{25-154}_Panel{ID}_Gloss{Gloss}_0degrees (2).png
10.0,Chase,7.15.2026,DD,,25-154,raw,data_new_2\10\{leveling-10}_P{Chase}_D{7-15}_type{DD}_GS{25-154}_Panel{ID}_Gloss{Gloss}_0degrees.png
10.0,Chase,7.15.2026,DD,,25-154,flat,data_new_2\10\{leveling-10}_P{Chase}_D{7-15}_type{DD}_GS{25-154}_Panel{ID}_Gloss{Gloss}_0degrees_flat (2).png
10.0,Chase,7.15.2026,DD,,25-154,flat,data_new_2\10\{leveling-10}_P{Chase}_D{7-15}_type{DD}_GS{25-154}_Panel{ID}_Gloss{Gloss}_0degrees_flat.png
9.5,Nicole,7.9.2026,DD,2BDR-9F02,25-134,raw,data_new_2\10\{leveling-10}_P{Nicole}_D{7.9.2026}_type{DD}_GS{2BDR-9F02}_Panel{GS-25-134}_Gloss{Flat}_0degrees (1).png
9.5,Nicole,7.9.2026,DD,2BDR-9F02,25-134,raw,data_new_2\10\{leveling-10}_P{Nicole}_D{7.9.2026}_type{DD}_GS{2BDR-9F02}_Panel{GS-25-134}_Gloss{Flat}_0degrees (2).png
9.5,Nicole,7.9.2026,DD,2BDR-9F02,25-134,raw,data_new_2\10\{leveling-10}_P{Nicole}_D{7.9.2026}_type{DD}_GS{2BDR-9F02}_Panel{GS-25-134}_Gloss{Flat}_0degrees.png
9.5,Nicole,7.9.2026,DD,2BDR-9F02,25-134,flat,data_new_2\10\{leveling-10}_P{Nicole}_D{7.9.2026}_type{DD}_GS{2BDR-9F02}_Panel{GS-25-134}_Gloss{Flat}_0degrees_flat (1).png
9.5,Nicole,7.9.2026,DD,2BDR-9F02,25-134,flat,data_new_2\10\{leveling-10}_P{Nicole}_D{7.9.2026}_type{DD}_GS{2BDR-9F02}_Panel{GS-25-134}_Gloss{Flat}_0degrees_flat (2).png
9.5,Nicole,7.9.2026,DD,2BDR-9F02,25-134,flat,data_new_2\10\{leveling-10}_P{Nicole}_D{7.9.2026}_type{DD}_GS{2BDR-9F02}_Panel{GS-25-134}_Gloss{Flat}_0degrees_flat.png
10.0,Nicole,7.9.2026,DD,2BDR-9F02,25-154,raw,data_new_2\10\{leveling-10}_P{Nicole}_D{7.9.2026}_type{DD}_GS{2BDR-9F02}_Panel{GS-25-154}_Gloss{gloss}_0degrees (1).png
10.0,Nicole,7.9.2026,DD,2BDR-9F02,25-154,raw,data_new_2\10\{leveling-10}_P{Nicole}_D{7.9.2026}_type{DD}_GS{2BDR-9F02}_Panel{GS-25-154}_Gloss{gloss}_0degrees (2).png
10.0,Nicole,7.9.2026,DD,2BDR-9F02,25-154,raw,data_new_2\10\{leveling-10}_P{Nicole}_D{7.9.2026}_type{DD}_GS{2BDR-9F02}_Panel{GS-25-154}_Gloss{gloss}_0degrees.png
10.0,Nicole,7.9.2026,DD,2BDR-9F02,25-154,flat,data_new_2\10\{leveling-10}_P{Nicole}_D{7.9.2026}_type{DD}_GS{2BDR-9F02}_Panel{GS-25-154}_Gloss{gloss}_0degrees_flat (1).png
10.0,Nicole,7.9.2026,DD,2BDR-9F02,25-154,flat,data_new_2\10\{leveling-10}_P{Nicole}_D{7.9.2026}_type{DD}_GS{2BDR-9F02}_Panel{GS-25-154}_Gloss{gloss}_0degrees_flat (2).png
10.0,Nicole,7.9.2026,DD,2BDR-9F02,25-154,flat,data_new_2\10\{leveling-10}_P{Nicole}_D{7.9.2026}_type{DD}_GS{2BDR-9F02}_Panel{GS-25-154}_Gloss{gloss}_0degrees_flat.png
